-- MySQL dump 10.13  Distrib 5.7.22, for macos10.13 (x86_64)
--
-- Host: 127.0.0.1    Database: travelball
-- ------------------------------------------------------
-- Server version	5.7.22

/*!40101 SET @OLD_CHARACTER_SET_CLIENT=@@CHARACTER_SET_CLIENT */;
/*!40101 SET @OLD_CHARACTER_SET_RESULTS=@@CHARACTER_SET_RESULTS */;
/*!40101 SET @OLD_COLLATION_CONNECTION=@@COLLATION_CONNECTION */;
/*!40101 SET NAMES utf8 */;
/*!40103 SET @OLD_TIME_ZONE=@@TIME_ZONE */;
/*!40103 SET TIME_ZONE='+00:00' */;
/*!40014 SET @OLD_UNIQUE_CHECKS=@@UNIQUE_CHECKS, UNIQUE_CHECKS=0 */;
/*!40014 SET @OLD_FOREIGN_KEY_CHECKS=@@FOREIGN_KEY_CHECKS, FOREIGN_KEY_CHECKS=0 */;
/*!40101 SET @OLD_SQL_MODE=@@SQL_MODE, SQL_MODE='NO_AUTO_VALUE_ON_ZERO' */;
/*!40111 SET @OLD_SQL_NOTES=@@SQL_NOTES, SQL_NOTES=0 */;

--
-- Table structure for table `assestments`
--

DROP TABLE IF EXISTS `assestments`;
/*!40101 SET @saved_cs_client     = @@character_set_client */;
/*!40101 SET character_set_client = utf8 */;
CREATE TABLE `assestments` (
  `playerId` binary(16) NOT NULL,
  `tryoutId` binary(16) NOT NULL,
  `hittingMechanics` tinyint(4) DEFAULT NULL,
  `hittingMechanicsNotes` text,
  `batSpeed` tinyint(4) DEFAULT NULL,
  `batSpeedNotes` text,
  `batContact` tinyint(4) DEFAULT NULL,
  `batContactNotes` text,
  `throwingMechanics` tinyint(4) DEFAULT NULL,
  `throwingMechanicsNotes` text,
  `armStrength` tinyint(4) DEFAULT NULL,
  `armStrengthNotes` text,
  `armAccuracy` tinyint(4) DEFAULT NULL,
  `armAccuracyNotes` text,
  `inField` tinyint(4) DEFAULT NULL,
  `inFieldNotes` text,
  `outField` tinyint(4) DEFAULT NULL,
  `outFieldNotes` text,
  `baserunMechanics` tinyint(4) DEFAULT NULL,
  `baserunMechanicsNotes` text,
  `baserunSpeed` tinyint(4) DEFAULT NULL,
  `baserunSpeedNotes` text,
  `heart` tinyint(4) DEFAULT NULL,
  `heartNotes` text,
  `attitude` tinyint(4) DEFAULT NULL,
  `attitudeNotes` text,
  `coachability` tinyint(4) DEFAULT NULL,
  `coachabilityNotes` text,
  `createdAt` datetime DEFAULT NULL,
  `updatedAt` datetime DEFAULT NULL,
  PRIMARY KEY (`playerId`,`tryoutId`),
  KEY `fk_playerYearlyStat2_players1` (`playerId`),
  KEY `fk_assessments_tryouts1_idx` (`tryoutId`),
  CONSTRAINT `fk_assessments_tryouts1` FOREIGN KEY (`tryoutId`) REFERENCES `tryouts` (`id`) ON DELETE CASCADE ON UPDATE CASCADE,
  CONSTRAINT `fk_playerYearlyStat2_players1` FOREIGN KEY (`playerId`) REFERENCES `players` (`id`) ON DELETE CASCADE ON UPDATE CASCADE
) ENGINE=InnoDB DEFAULT CHARSET=utf8;
/*!40101 SET character_set_client = @saved_cs_client */;

--
-- Dumping data for table `assestments`
--

LOCK TABLES `assestments` WRITE;
/*!40000 ALTER TABLE `assestments` DISABLE KEYS */;
INSERT INTO `assestments` VALUES ('\œeî5¿\ÊÚATªM','Fe\Í˚w]\⁄\Õ¿Àß\‡è(',NULL,NULL,NULL,NULL,NULL,NULL,NULL,NULL,NULL,NULL,NULL,NULL,NULL,NULL,NULL,NULL,NULL,NULL,NULL,NULL,NULL,NULL,NULL,NULL,NULL,NULL,'2018-09-11 01:00:55','2018-09-11 01:00:55'),('\œeî5¿\ÊÚATªM','Mü´\∆\0íDº£vUçW\ÿT',NULL,NULL,NULL,NULL,NULL,NULL,NULL,NULL,NULL,NULL,NULL,NULL,NULL,NULL,NULL,NULL,NULL,NULL,NULL,NULL,NULL,NULL,NULL,NULL,NULL,NULL,'2018-09-11 01:32:57','2018-09-11 01:32:57'),('\œeî5¿\ÊÚATªM','M\Ó7\„õ\„{{Q©ô+l◊îm',NULL,NULL,NULL,NULL,NULL,NULL,NULL,NULL,NULL,NULL,NULL,NULL,NULL,NULL,NULL,NULL,NULL,NULL,NULL,NULL,NULL,NULL,NULL,NULL,NULL,NULL,'2018-09-11 01:11:37','2018-09-11 01:11:37'),('\œeî5¿\ÊÚATªM','XùSk∂\\)\‡sö\–wY\Ï\‹\Õ',2,NULL,NULL,NULL,NULL,NULL,NULL,NULL,NULL,NULL,NULL,NULL,NULL,NULL,NULL,NULL,NULL,NULL,NULL,NULL,NULL,NULL,NULL,NULL,NULL,NULL,'2018-09-11 01:14:26','2018-09-11 23:59:14'),('\œeî5¿\ÊÚATªM','`•yc/*ö•í\‡¨U,\ ~',NULL,NULL,NULL,NULL,NULL,NULL,NULL,NULL,NULL,NULL,NULL,NULL,NULL,NULL,NULL,NULL,NULL,NULL,NULL,NULL,NULL,NULL,NULL,NULL,NULL,NULL,'2018-09-11 00:56:32','2018-09-11 00:56:32'),('\œeî5¿\ÊÚATªM','r\'¨±Õá\‚!\':}ní\Ë\Â',NULL,NULL,NULL,NULL,NULL,NULL,NULL,NULL,NULL,NULL,NULL,NULL,NULL,NULL,NULL,NULL,NULL,NULL,NULL,NULL,NULL,NULL,NULL,NULL,NULL,NULL,'2018-09-11 01:22:08','2018-09-11 01:22:08'),('\œeî5¿\ÊÚATªM','rä•|ï\€=VD \Ó¶]2è:',NULL,NULL,NULL,NULL,NULL,NULL,NULL,NULL,NULL,NULL,NULL,NULL,NULL,NULL,NULL,NULL,NULL,NULL,NULL,NULL,NULL,NULL,NULL,NULL,NULL,NULL,'2018-09-11 00:59:17','2018-09-11 00:59:17'),('\œeî5¿\ÊÚATªM','âK	K¶&\Á\‡xåZ¥K3',NULL,NULL,NULL,NULL,NULL,NULL,NULL,NULL,NULL,NULL,NULL,NULL,NULL,NULL,NULL,NULL,NULL,NULL,NULL,NULL,NULL,NULL,NULL,NULL,NULL,NULL,'2018-09-13 18:23:03','2018-09-13 18:23:03'),('\œeî5¿\ÊÚATªM','¢*/kˇ^5\0y˚HÅ',NULL,NULL,NULL,NULL,NULL,NULL,NULL,NULL,NULL,NULL,NULL,NULL,NULL,NULL,NULL,NULL,NULL,NULL,NULL,NULL,NULL,NULL,NULL,NULL,NULL,NULL,'2018-09-13 19:33:53','2018-09-13 19:33:53'),('\œeî5¿\ÊÚATªM','\€\’T\Ô•µ\∆6m\›pjN˘	',NULL,NULL,NULL,NULL,NULL,NULL,NULL,NULL,NULL,NULL,NULL,NULL,NULL,NULL,NULL,NULL,NULL,NULL,NULL,NULL,NULL,NULL,NULL,NULL,NULL,NULL,'2018-09-11 01:18:16','2018-09-11 01:18:16'),('\œeî5¿\ÊÚATªM','›íÙìÅ§I\‘-2\Á[+ù',NULL,NULL,NULL,NULL,NULL,NULL,NULL,NULL,NULL,NULL,NULL,NULL,NULL,NULL,NULL,NULL,NULL,NULL,NULL,NULL,NULL,NULL,NULL,NULL,NULL,NULL,'2018-09-13 18:23:00','2018-09-13 18:23:00'),('\œeî5¿\ÊÚATªM','ÁπáZ∫[ºñr—£\‰\Ó\…',NULL,NULL,NULL,NULL,NULL,NULL,NULL,NULL,NULL,NULL,NULL,NULL,NULL,NULL,NULL,NULL,NULL,NULL,NULL,NULL,NULL,NULL,NULL,NULL,NULL,NULL,'2018-09-11 01:08:20','2018-09-11 01:08:20'),('\œeî5¿\ÊÚATªM','\ÏøÚ1Mv\Â_∏t5ˇ\ƒy˝R',NULL,NULL,NULL,NULL,NULL,NULL,NULL,NULL,NULL,NULL,NULL,NULL,NULL,NULL,NULL,NULL,NULL,NULL,NULL,NULL,NULL,NULL,NULL,NULL,NULL,NULL,'2018-09-11 01:31:31','2018-09-11 01:31:31'),('Éè\ƒ\\Fß3\„%\”tá','Fe\Í˚w]\⁄\Õ¿Àß\‡è(',NULL,NULL,NULL,NULL,NULL,NULL,NULL,NULL,NULL,NULL,NULL,NULL,NULL,NULL,NULL,NULL,NULL,NULL,NULL,NULL,NULL,NULL,NULL,NULL,NULL,NULL,'2018-09-11 01:00:55','2018-09-11 01:00:55'),('Éè\ƒ\\Fß3\„%\”tá','M\Ó7\„õ\„{{Q©ô+l◊îm',NULL,NULL,NULL,NULL,NULL,NULL,NULL,NULL,NULL,NULL,NULL,NULL,NULL,NULL,NULL,NULL,NULL,NULL,NULL,NULL,NULL,NULL,NULL,NULL,NULL,NULL,'2018-09-11 01:11:37','2018-09-11 01:11:37'),('Éè\ƒ\\Fß3\„%\”tá','XùSk∂\\)\‡sö\–wY\Ï\‹\Õ',NULL,NULL,NULL,NULL,NULL,NULL,NULL,NULL,NULL,NULL,NULL,NULL,NULL,NULL,NULL,NULL,NULL,NULL,NULL,NULL,NULL,NULL,NULL,NULL,NULL,NULL,'2018-09-11 01:14:26','2018-09-11 01:14:26'),('Éè\ƒ\\Fß3\„%\”tá','`•yc/*ö•í\‡¨U,\ ~',NULL,NULL,NULL,NULL,NULL,NULL,NULL,NULL,NULL,NULL,NULL,NULL,NULL,NULL,NULL,NULL,NULL,NULL,NULL,NULL,NULL,NULL,NULL,NULL,NULL,NULL,'2018-09-11 00:56:32','2018-09-11 00:56:32'),('Éè\ƒ\\Fß3\„%\”tá','rä•|ï\€=VD \Ó¶]2è:',NULL,NULL,NULL,NULL,NULL,NULL,NULL,NULL,NULL,NULL,NULL,NULL,NULL,NULL,NULL,NULL,NULL,NULL,NULL,NULL,NULL,NULL,NULL,NULL,NULL,NULL,'2018-09-11 00:59:17','2018-09-11 00:59:17'),('Éè\ƒ\\Fß3\„%\”tá','âK	K¶&\Á\‡xåZ¥K3',NULL,NULL,NULL,NULL,NULL,NULL,NULL,NULL,NULL,NULL,NULL,NULL,NULL,NULL,NULL,NULL,NULL,NULL,NULL,NULL,NULL,NULL,NULL,NULL,NULL,NULL,'2018-09-13 18:23:03','2018-09-13 18:23:03'),('Éè\ƒ\\Fß3\„%\”tá','\€\’T\Ô•µ\∆6m\›pjN˘	',NULL,NULL,NULL,NULL,NULL,NULL,NULL,NULL,NULL,NULL,NULL,NULL,NULL,NULL,NULL,NULL,NULL,NULL,NULL,NULL,NULL,NULL,NULL,NULL,NULL,NULL,'2018-09-11 01:18:16','2018-09-11 01:18:16'),('Éè\ƒ\\Fß3\„%\”tá','›íÙìÅ§I\‘-2\Á[+ù',NULL,NULL,NULL,NULL,NULL,NULL,NULL,NULL,NULL,NULL,NULL,NULL,NULL,NULL,NULL,NULL,NULL,NULL,NULL,NULL,NULL,NULL,NULL,NULL,NULL,NULL,'2018-09-13 18:23:00','2018-09-13 18:23:00'),('Éè\ƒ\\Fß3\„%\”tá','ÁπáZ∫[ºñr—£\‰\Ó\…',NULL,NULL,NULL,NULL,NULL,NULL,NULL,NULL,NULL,NULL,NULL,NULL,NULL,NULL,NULL,NULL,NULL,NULL,NULL,NULL,NULL,NULL,NULL,NULL,NULL,NULL,'2018-09-11 01:08:20','2018-09-11 01:08:20'),('Éè\ƒ\\Fß3\„%\”tá','\ÏøÚ1Mv\Â_∏t5ˇ\ƒy˝R',NULL,NULL,NULL,NULL,NULL,NULL,NULL,NULL,NULL,NULL,NULL,NULL,NULL,NULL,NULL,NULL,NULL,NULL,NULL,NULL,NULL,NULL,NULL,NULL,NULL,NULL,'2018-09-11 01:31:31','2018-09-11 01:31:31'),('äñ\ÊYÛ7f\‹R\Í{hAˇ','âK	K¶&\Á\‡xåZ¥K3',NULL,NULL,NULL,NULL,NULL,NULL,NULL,NULL,NULL,NULL,NULL,NULL,NULL,NULL,NULL,NULL,NULL,NULL,NULL,NULL,NULL,NULL,NULL,NULL,NULL,NULL,'2018-09-13 18:23:03','2018-09-13 18:23:03'),('äñ\ÊYÛ7f\‹R\Í{hAˇ','›íÙìÅ§I\‘-2\Á[+ù',NULL,NULL,NULL,NULL,NULL,NULL,NULL,NULL,NULL,NULL,NULL,NULL,NULL,NULL,NULL,NULL,NULL,NULL,NULL,NULL,NULL,NULL,NULL,NULL,NULL,NULL,'2018-09-13 18:23:00','2018-09-13 18:23:00'),('/T\0Ç\·hV_÷∑)≠\‘\Áõ','Fe\Í˚w]\⁄\Õ¿Àß\‡è(',NULL,NULL,NULL,NULL,NULL,NULL,NULL,NULL,NULL,NULL,NULL,NULL,NULL,NULL,NULL,NULL,NULL,NULL,NULL,NULL,NULL,NULL,NULL,NULL,NULL,NULL,'2018-09-11 01:00:55','2018-09-11 01:00:55'),('/T\0Ç\·hV_÷∑)≠\‘\Áõ','Mü´\∆\0íDº£vUçW\ÿT',NULL,NULL,NULL,NULL,NULL,NULL,NULL,NULL,NULL,NULL,NULL,NULL,NULL,NULL,NULL,NULL,NULL,NULL,NULL,NULL,NULL,NULL,NULL,NULL,NULL,NULL,'2018-09-13 12:50:09','2018-09-13 12:50:09'),('/T\0Ç\·hV_÷∑)≠\‘\Áõ','M\Ó7\„õ\„{{Q©ô+l◊îm',3,NULL,NULL,NULL,NULL,NULL,NULL,NULL,NULL,NULL,NULL,NULL,NULL,NULL,NULL,NULL,NULL,NULL,NULL,NULL,NULL,NULL,NULL,NULL,NULL,NULL,'2018-09-11 01:11:37','2018-09-12 00:13:17'),('/T\0Ç\·hV_÷∑)≠\‘\Áõ','XùSk∂\\)\‡sö\–wY\Ï\‹\Õ',5,NULL,NULL,NULL,NULL,NULL,NULL,NULL,NULL,NULL,NULL,NULL,NULL,NULL,NULL,NULL,NULL,NULL,NULL,NULL,NULL,NULL,NULL,NULL,NULL,NULL,'2018-09-11 01:14:26','2018-09-12 00:06:08'),('/T\0Ç\·hV_÷∑)≠\‘\Áõ','`•yc/*ö•í\‡¨U,\ ~',NULL,NULL,NULL,NULL,NULL,NULL,NULL,NULL,NULL,NULL,NULL,NULL,NULL,NULL,NULL,NULL,NULL,NULL,NULL,NULL,NULL,NULL,NULL,NULL,NULL,NULL,'2018-09-11 00:56:32','2018-09-11 00:56:32'),('/T\0Ç\·hV_÷∑)≠\‘\Áõ','r\'¨±Õá\‚!\':}ní\Ë\Â',NULL,NULL,NULL,NULL,NULL,NULL,NULL,NULL,NULL,NULL,NULL,NULL,NULL,NULL,NULL,NULL,NULL,NULL,NULL,NULL,NULL,NULL,NULL,NULL,NULL,NULL,'2018-09-11 01:22:08','2018-09-11 01:22:08'),('/T\0Ç\·hV_÷∑)≠\‘\Áõ','rä•|ï\€=VD \Ó¶]2è:',NULL,NULL,NULL,NULL,NULL,NULL,NULL,NULL,NULL,NULL,NULL,NULL,NULL,NULL,NULL,NULL,NULL,NULL,NULL,NULL,NULL,NULL,NULL,NULL,NULL,NULL,'2018-09-11 00:59:17','2018-09-11 00:59:17'),('/T\0Ç\·hV_÷∑)≠\‘\Áõ','âK	K¶&\Á\‡xåZ¥K3',NULL,NULL,NULL,NULL,NULL,NULL,NULL,NULL,NULL,NULL,NULL,NULL,NULL,NULL,NULL,NULL,NULL,NULL,NULL,NULL,NULL,NULL,NULL,NULL,NULL,NULL,'2018-09-13 18:23:03','2018-09-13 18:23:03'),('/T\0Ç\·hV_÷∑)≠\‘\Áõ','\€\’T\Ô•µ\∆6m\›pjN˘	',NULL,NULL,NULL,NULL,NULL,NULL,NULL,NULL,NULL,NULL,NULL,NULL,NULL,NULL,NULL,NULL,NULL,NULL,NULL,NULL,NULL,NULL,NULL,NULL,NULL,NULL,'2018-09-11 01:18:16','2018-09-11 01:18:16'),('/T\0Ç\·hV_÷∑)≠\‘\Áõ','›íÙìÅ§I\‘-2\Á[+ù',NULL,NULL,NULL,NULL,NULL,NULL,NULL,NULL,NULL,NULL,NULL,NULL,NULL,NULL,NULL,NULL,NULL,NULL,NULL,NULL,NULL,NULL,NULL,NULL,NULL,NULL,'2018-09-13 18:23:00','2018-09-13 18:23:00'),('/T\0Ç\·hV_÷∑)≠\‘\Áõ','ÁπáZ∫[ºñr—£\‰\Ó\…',NULL,NULL,NULL,NULL,NULL,NULL,NULL,NULL,NULL,NULL,NULL,NULL,NULL,NULL,NULL,NULL,NULL,NULL,NULL,NULL,NULL,NULL,NULL,NULL,NULL,NULL,'2018-09-11 01:08:20','2018-09-11 01:08:20'),('/T\0Ç\·hV_÷∑)≠\‘\Áõ','\ÏøÚ1Mv\Â_∏t5ˇ\ƒy˝R',3,'Hiya! Harvey is awesome!',2,NULL,NULL,NULL,NULL,NULL,NULL,NULL,NULL,NULL,NULL,NULL,NULL,NULL,NULL,NULL,NULL,NULL,NULL,NULL,NULL,NULL,NULL,NULL,'2018-09-11 01:31:31','2018-09-12 14:58:01'),('4\ÏOêìs£uç\»¿ê†','Fe\Í˚w]\⁄\Õ¿Àß\‡è(',NULL,NULL,NULL,NULL,NULL,NULL,NULL,NULL,NULL,NULL,NULL,NULL,NULL,NULL,NULL,NULL,NULL,NULL,NULL,NULL,NULL,NULL,NULL,NULL,NULL,NULL,'2018-09-11 01:00:55','2018-09-11 01:00:55'),('4\ÏOêìs£uç\»¿ê†','M\Ó7\„õ\„{{Q©ô+l◊îm',NULL,NULL,NULL,NULL,NULL,NULL,NULL,NULL,NULL,NULL,NULL,NULL,NULL,NULL,NULL,NULL,NULL,NULL,NULL,NULL,NULL,NULL,NULL,NULL,NULL,NULL,'2018-09-11 01:11:37','2018-09-11 01:11:37'),('4\ÏOêìs£uç\»¿ê†','XùSk∂\\)\‡sö\–wY\Ï\‹\Õ',NULL,NULL,NULL,NULL,NULL,NULL,NULL,NULL,NULL,NULL,NULL,NULL,NULL,NULL,NULL,NULL,NULL,NULL,NULL,NULL,NULL,NULL,NULL,NULL,NULL,NULL,'2018-09-11 01:14:26','2018-09-11 01:14:26'),('4\ÏOêìs£uç\»¿ê†','`•yc/*ö•í\‡¨U,\ ~',NULL,NULL,NULL,NULL,NULL,NULL,NULL,NULL,NULL,NULL,NULL,NULL,NULL,NULL,NULL,NULL,NULL,NULL,NULL,NULL,NULL,NULL,NULL,NULL,NULL,NULL,'2018-09-11 00:56:32','2018-09-11 00:56:32'),('4\ÏOêìs£uç\»¿ê†','r\'¨±Õá\‚!\':}ní\Ë\Â',NULL,NULL,NULL,NULL,NULL,NULL,NULL,NULL,NULL,NULL,NULL,NULL,NULL,NULL,NULL,NULL,NULL,NULL,NULL,NULL,NULL,NULL,NULL,NULL,NULL,NULL,'2018-09-11 01:22:08','2018-09-11 01:22:08'),('4\ÏOêìs£uç\»¿ê†','rä•|ï\€=VD \Ó¶]2è:',NULL,NULL,NULL,NULL,NULL,NULL,NULL,NULL,NULL,NULL,NULL,NULL,NULL,NULL,NULL,NULL,NULL,NULL,NULL,NULL,NULL,NULL,NULL,NULL,NULL,NULL,'2018-09-11 00:59:17','2018-09-11 00:59:17'),('4\ÏOêìs£uç\»¿ê†','âK	K¶&\Á\‡xåZ¥K3',NULL,NULL,NULL,NULL,NULL,NULL,NULL,NULL,NULL,NULL,NULL,NULL,NULL,NULL,NULL,NULL,NULL,NULL,NULL,NULL,NULL,NULL,NULL,NULL,NULL,NULL,'2018-09-13 18:23:03','2018-09-13 18:23:03'),('4\ÏOêìs£uç\»¿ê†','\€\’T\Ô•µ\∆6m\›pjN˘	',NULL,NULL,NULL,NULL,NULL,NULL,NULL,NULL,NULL,NULL,NULL,NULL,NULL,NULL,NULL,NULL,NULL,NULL,NULL,NULL,NULL,NULL,NULL,NULL,NULL,NULL,'2018-09-11 01:18:16','2018-09-11 01:18:16'),('4\ÏOêìs£uç\»¿ê†','›íÙìÅ§I\‘-2\Á[+ù',NULL,NULL,NULL,NULL,NULL,NULL,NULL,NULL,NULL,NULL,NULL,NULL,NULL,NULL,NULL,NULL,NULL,NULL,NULL,NULL,NULL,NULL,NULL,NULL,NULL,NULL,'2018-09-13 18:23:00','2018-09-13 18:23:00'),('4\ÏOêìs£uç\»¿ê†','ÁπáZ∫[ºñr—£\‰\Ó\…',NULL,NULL,NULL,NULL,NULL,NULL,NULL,NULL,NULL,NULL,NULL,NULL,NULL,NULL,NULL,NULL,NULL,NULL,NULL,NULL,NULL,NULL,NULL,NULL,NULL,NULL,'2018-09-11 01:08:20','2018-09-11 01:08:20'),('4\ÏOêìs£uç\»¿ê†','\ÏøÚ1Mv\Â_∏t5ˇ\ƒy˝R',NULL,NULL,NULL,NULL,NULL,NULL,NULL,NULL,NULL,NULL,NULL,NULL,NULL,NULL,NULL,NULL,NULL,NULL,NULL,NULL,NULL,NULL,NULL,NULL,NULL,NULL,'2018-09-11 01:31:31','2018-09-11 01:31:31'),('@(\Ëák7\ÿÛa3N\÷uz','Fe\Í˚w]\⁄\Õ¿Àß\‡è(',NULL,NULL,NULL,NULL,NULL,NULL,NULL,NULL,NULL,NULL,NULL,NULL,NULL,NULL,NULL,NULL,NULL,NULL,NULL,NULL,NULL,NULL,NULL,NULL,NULL,NULL,'2018-09-11 01:00:55','2018-09-11 01:00:55'),('@(\Ëák7\ÿÛa3N\÷uz','M\Ó7\„õ\„{{Q©ô+l◊îm',NULL,NULL,NULL,NULL,NULL,NULL,NULL,NULL,NULL,NULL,NULL,NULL,NULL,NULL,NULL,NULL,NULL,NULL,NULL,NULL,NULL,NULL,NULL,NULL,NULL,NULL,'2018-09-11 01:11:37','2018-09-11 01:11:37'),('@(\Ëák7\ÿÛa3N\÷uz','XùSk∂\\)\‡sö\–wY\Ï\‹\Õ',NULL,NULL,NULL,NULL,NULL,NULL,NULL,NULL,NULL,NULL,NULL,NULL,NULL,NULL,NULL,NULL,NULL,NULL,NULL,NULL,NULL,NULL,NULL,NULL,NULL,NULL,'2018-09-11 01:14:26','2018-09-11 01:14:26'),('@(\Ëák7\ÿÛa3N\÷uz','`•yc/*ö•í\‡¨U,\ ~',NULL,NULL,NULL,NULL,NULL,NULL,NULL,NULL,NULL,NULL,NULL,NULL,NULL,NULL,NULL,NULL,NULL,NULL,NULL,NULL,NULL,NULL,NULL,NULL,NULL,NULL,'2018-09-11 00:56:32','2018-09-11 00:56:32'),('@(\Ëák7\ÿÛa3N\÷uz','r\'¨±Õá\‚!\':}ní\Ë\Â',NULL,NULL,NULL,NULL,NULL,NULL,NULL,NULL,NULL,NULL,NULL,NULL,NULL,NULL,NULL,NULL,NULL,NULL,NULL,NULL,NULL,NULL,NULL,NULL,NULL,NULL,'2018-09-11 01:22:08','2018-09-11 01:22:08'),('@(\Ëák7\ÿÛa3N\÷uz','rä•|ï\€=VD \Ó¶]2è:',NULL,NULL,NULL,NULL,NULL,NULL,NULL,NULL,NULL,NULL,NULL,NULL,NULL,NULL,NULL,NULL,NULL,NULL,NULL,NULL,NULL,NULL,NULL,NULL,NULL,NULL,'2018-09-11 00:59:17','2018-09-11 00:59:17'),('@(\Ëák7\ÿÛa3N\÷uz','âK	K¶&\Á\‡xåZ¥K3',NULL,NULL,NULL,NULL,NULL,NULL,NULL,NULL,NULL,NULL,NULL,NULL,NULL,NULL,NULL,NULL,NULL,NULL,NULL,NULL,NULL,NULL,NULL,NULL,NULL,NULL,'2018-09-13 18:23:03','2018-09-13 18:23:03'),('@(\Ëák7\ÿÛa3N\÷uz','\€\’T\Ô•µ\∆6m\›pjN˘	',NULL,NULL,NULL,NULL,NULL,NULL,NULL,NULL,NULL,NULL,NULL,NULL,NULL,NULL,NULL,NULL,NULL,NULL,NULL,NULL,NULL,NULL,NULL,NULL,NULL,NULL,'2018-09-11 01:18:16','2018-09-11 01:18:16'),('@(\Ëák7\ÿÛa3N\÷uz','›íÙìÅ§I\‘-2\Á[+ù',NULL,NULL,NULL,NULL,NULL,NULL,NULL,NULL,NULL,NULL,NULL,NULL,NULL,NULL,NULL,NULL,NULL,NULL,NULL,NULL,NULL,NULL,NULL,NULL,NULL,NULL,'2018-09-13 18:23:00','2018-09-13 18:23:00'),('@(\Ëák7\ÿÛa3N\÷uz','ÁπáZ∫[ºñr—£\‰\Ó\…',NULL,NULL,NULL,NULL,NULL,NULL,NULL,NULL,NULL,NULL,NULL,NULL,NULL,NULL,NULL,NULL,NULL,NULL,NULL,NULL,NULL,NULL,NULL,NULL,NULL,NULL,'2018-09-11 01:08:20','2018-09-11 01:08:20'),('@(\Ëák7\ÿÛa3N\÷uz','\ÏøÚ1Mv\Â_∏t5ˇ\ƒy˝R',NULL,NULL,NULL,NULL,NULL,NULL,NULL,NULL,NULL,NULL,NULL,NULL,NULL,NULL,NULL,NULL,NULL,NULL,NULL,NULL,NULL,NULL,NULL,NULL,NULL,NULL,'2018-09-11 01:31:31','2018-09-11 01:31:31'),('NÅO\Õ]kqn3UéVæa','Fe\Í˚w]\⁄\Õ¿Àß\‡è(',NULL,NULL,NULL,NULL,NULL,NULL,NULL,NULL,NULL,NULL,NULL,NULL,NULL,NULL,NULL,NULL,NULL,NULL,NULL,NULL,NULL,NULL,NULL,NULL,NULL,NULL,'2018-09-11 01:00:55','2018-09-11 01:00:55'),('NÅO\Õ]kqn3UéVæa','M\Ó7\„õ\„{{Q©ô+l◊îm',NULL,NULL,NULL,NULL,NULL,NULL,NULL,NULL,NULL,NULL,NULL,NULL,NULL,NULL,NULL,NULL,NULL,NULL,NULL,NULL,NULL,NULL,NULL,NULL,NULL,NULL,'2018-09-11 01:11:37','2018-09-11 01:11:37'),('NÅO\Õ]kqn3UéVæa','XùSk∂\\)\‡sö\–wY\Ï\‹\Õ',NULL,NULL,NULL,NULL,NULL,NULL,NULL,NULL,NULL,NULL,NULL,NULL,NULL,NULL,NULL,NULL,NULL,NULL,NULL,NULL,NULL,NULL,NULL,NULL,NULL,NULL,'2018-09-11 01:14:26','2018-09-11 01:14:26'),('NÅO\Õ]kqn3UéVæa','`•yc/*ö•í\‡¨U,\ ~',NULL,NULL,NULL,NULL,NULL,NULL,NULL,NULL,NULL,NULL,NULL,NULL,NULL,NULL,NULL,NULL,NULL,NULL,NULL,NULL,NULL,NULL,NULL,NULL,NULL,NULL,'2018-09-11 00:56:32','2018-09-11 00:56:32'),('NÅO\Õ]kqn3UéVæa','rä•|ï\€=VD \Ó¶]2è:',NULL,NULL,NULL,NULL,NULL,NULL,NULL,NULL,NULL,NULL,NULL,NULL,NULL,NULL,NULL,NULL,NULL,NULL,NULL,NULL,NULL,NULL,NULL,NULL,NULL,NULL,'2018-09-11 00:59:17','2018-09-11 00:59:17'),('NÅO\Õ]kqn3UéVæa','âK	K¶&\Á\‡xåZ¥K3',NULL,NULL,NULL,NULL,NULL,NULL,NULL,NULL,NULL,NULL,NULL,NULL,NULL,NULL,NULL,NULL,NULL,NULL,NULL,NULL,NULL,NULL,NULL,NULL,NULL,NULL,'2018-09-13 18:23:03','2018-09-13 18:23:03'),('NÅO\Õ]kqn3UéVæa','\€\’T\Ô•µ\∆6m\›pjN˘	',NULL,NULL,NULL,NULL,NULL,NULL,NULL,NULL,NULL,NULL,NULL,NULL,NULL,NULL,NULL,NULL,NULL,NULL,NULL,NULL,NULL,NULL,NULL,NULL,NULL,NULL,'2018-09-11 01:18:16','2018-09-11 01:18:16'),('NÅO\Õ]kqn3UéVæa','›íÙìÅ§I\‘-2\Á[+ù',NULL,NULL,NULL,NULL,NULL,NULL,NULL,NULL,NULL,NULL,NULL,NULL,NULL,NULL,NULL,NULL,NULL,NULL,NULL,NULL,NULL,NULL,NULL,NULL,NULL,NULL,'2018-09-13 18:23:00','2018-09-13 18:23:00'),('NÅO\Õ]kqn3UéVæa','ÁπáZ∫[ºñr—£\‰\Ó\…',NULL,NULL,NULL,NULL,NULL,NULL,NULL,NULL,NULL,NULL,NULL,NULL,NULL,NULL,NULL,NULL,NULL,NULL,NULL,NULL,NULL,NULL,NULL,NULL,NULL,NULL,'2018-09-11 01:08:20','2018-09-11 01:08:20'),('NÅO\Õ]kqn3UéVæa','\ÏøÚ1Mv\Â_∏t5ˇ\ƒy˝R',NULL,NULL,NULL,NULL,NULL,NULL,NULL,NULL,NULL,NULL,NULL,NULL,NULL,NULL,NULL,NULL,NULL,NULL,NULL,NULL,NULL,NULL,NULL,NULL,NULL,NULL,'2018-09-11 01:31:31','2018-09-11 01:31:31'),('Q Dùîx]≈üSN3\Õ\Á','ÕÇµÅ%µBv(≥{\"\È≠2',NULL,NULL,NULL,NULL,NULL,NULL,NULL,NULL,NULL,NULL,NULL,NULL,NULL,NULL,NULL,NULL,NULL,NULL,NULL,NULL,NULL,NULL,NULL,NULL,NULL,NULL,'2018-09-11 16:14:06','2018-09-11 16:14:06'),('Q Dùîx]≈üSN3\Õ\Á','Gg¸\ﬁ\Ê\≈X5â/\€\ \¬',NULL,NULL,NULL,NULL,NULL,NULL,NULL,NULL,NULL,NULL,NULL,NULL,NULL,NULL,NULL,NULL,NULL,NULL,NULL,NULL,NULL,NULL,NULL,NULL,NULL,NULL,'2018-09-11 01:27:20','2018-09-11 01:27:20'),('Q${¢\√4\Ó˛ALrÆx°\«','Fe\Í˚w]\⁄\Õ¿Àß\‡è(',NULL,NULL,NULL,NULL,NULL,NULL,NULL,NULL,NULL,NULL,NULL,NULL,NULL,NULL,NULL,NULL,NULL,NULL,NULL,NULL,NULL,NULL,NULL,NULL,NULL,NULL,'2018-09-11 01:00:55','2018-09-11 01:00:55'),('Q${¢\√4\Ó˛ALrÆx°\«','Mü´\∆\0íDº£vUçW\ÿT',NULL,NULL,NULL,NULL,NULL,NULL,NULL,NULL,NULL,NULL,NULL,NULL,NULL,NULL,NULL,NULL,NULL,NULL,NULL,NULL,NULL,NULL,NULL,NULL,NULL,NULL,'2018-09-13 12:55:00','2018-09-13 12:55:00'),('Q${¢\√4\Ó˛ALrÆx°\«','M\Ó7\„õ\„{{Q©ô+l◊îm',NULL,NULL,NULL,NULL,NULL,NULL,NULL,NULL,NULL,NULL,NULL,NULL,NULL,NULL,NULL,NULL,NULL,NULL,NULL,NULL,NULL,NULL,NULL,NULL,NULL,NULL,'2018-09-11 01:11:37','2018-09-11 01:11:37'),('Q${¢\√4\Ó˛ALrÆx°\«','XùSk∂\\)\‡sö\–wY\Ï\‹\Õ',NULL,NULL,NULL,NULL,NULL,NULL,NULL,NULL,NULL,NULL,NULL,NULL,NULL,NULL,NULL,NULL,NULL,NULL,NULL,NULL,NULL,NULL,NULL,NULL,NULL,NULL,'2018-09-11 01:14:26','2018-09-11 01:14:26'),('Q${¢\√4\Ó˛ALrÆx°\«','`•yc/*ö•í\‡¨U,\ ~',NULL,NULL,NULL,NULL,NULL,NULL,NULL,NULL,NULL,NULL,NULL,NULL,NULL,NULL,NULL,NULL,NULL,NULL,NULL,NULL,NULL,NULL,NULL,NULL,NULL,NULL,'2018-09-11 00:56:32','2018-09-11 00:56:32'),('Q${¢\√4\Ó˛ALrÆx°\«','rä•|ï\€=VD \Ó¶]2è:',NULL,NULL,NULL,NULL,NULL,NULL,NULL,NULL,NULL,NULL,NULL,NULL,NULL,NULL,NULL,NULL,NULL,NULL,NULL,NULL,NULL,NULL,NULL,NULL,NULL,NULL,'2018-09-11 00:59:17','2018-09-11 00:59:17'),('Q${¢\√4\Ó˛ALrÆx°\«','âK	K¶&\Á\‡xåZ¥K3',NULL,NULL,NULL,NULL,NULL,NULL,NULL,NULL,NULL,NULL,NULL,NULL,NULL,NULL,NULL,NULL,NULL,NULL,NULL,NULL,NULL,NULL,NULL,NULL,NULL,NULL,'2018-09-13 18:23:03','2018-09-13 18:23:03'),('Q${¢\√4\Ó˛ALrÆx°\«','\€\’T\Ô•µ\∆6m\›pjN˘	',NULL,NULL,NULL,NULL,NULL,NULL,NULL,NULL,NULL,NULL,NULL,NULL,NULL,NULL,NULL,NULL,NULL,NULL,NULL,NULL,NULL,NULL,NULL,NULL,NULL,NULL,'2018-09-11 01:18:16','2018-09-11 01:18:16'),('Q${¢\√4\Ó˛ALrÆx°\«','›íÙìÅ§I\‘-2\Á[+ù',NULL,NULL,NULL,NULL,NULL,NULL,NULL,NULL,NULL,NULL,NULL,NULL,NULL,NULL,NULL,NULL,NULL,NULL,NULL,NULL,NULL,NULL,NULL,NULL,NULL,NULL,'2018-09-13 18:23:00','2018-09-13 18:23:00'),('Q${¢\√4\Ó˛ALrÆx°\«','ÁπáZ∫[ºñr—£\‰\Ó\…',NULL,NULL,NULL,NULL,NULL,NULL,NULL,NULL,NULL,NULL,NULL,NULL,NULL,NULL,NULL,NULL,NULL,NULL,NULL,NULL,NULL,NULL,NULL,NULL,NULL,NULL,'2018-09-11 01:08:20','2018-09-11 01:08:20'),('Q${¢\√4\Ó˛ALrÆx°\«','\ÏøÚ1Mv\Â_∏t5ˇ\ƒy˝R',NULL,NULL,NULL,NULL,NULL,NULL,NULL,NULL,NULL,NULL,NULL,NULL,NULL,NULL,NULL,NULL,NULL,NULL,NULL,NULL,NULL,NULL,NULL,NULL,NULL,NULL,'2018-09-11 01:31:31','2018-09-11 01:31:31'),('Tq].\Ãˇ\ÿn•\Ë\Ï˝\"u','Mü´\∆\0íDº£vUçW\ÿT',NULL,NULL,NULL,NULL,NULL,NULL,NULL,NULL,NULL,NULL,NULL,NULL,NULL,NULL,NULL,NULL,NULL,NULL,NULL,NULL,NULL,NULL,NULL,NULL,NULL,NULL,'2018-09-13 13:30:11','2018-09-13 13:30:11'),('Tq].\Ãˇ\ÿn•\Ë\Ï˝\"u','âK	K¶&\Á\‡xåZ¥K3',NULL,NULL,NULL,NULL,NULL,NULL,NULL,NULL,NULL,NULL,NULL,NULL,NULL,NULL,NULL,NULL,NULL,NULL,NULL,NULL,NULL,NULL,NULL,NULL,NULL,NULL,'2018-09-13 18:23:03','2018-09-13 18:23:03'),('Tq].\Ãˇ\ÿn•\Ë\Ï˝\"u','›íÙìÅ§I\‘-2\Á[+ù',NULL,NULL,NULL,NULL,NULL,NULL,NULL,NULL,NULL,NULL,NULL,NULL,NULL,NULL,NULL,NULL,NULL,NULL,NULL,NULL,NULL,NULL,NULL,NULL,NULL,NULL,'2018-09-13 18:23:00','2018-09-13 18:23:00'),('UÖu˙øÜ\Á»õ\⁄\0R^äö','Fe\Í˚w]\⁄\Õ¿Àß\‡è(',NULL,NULL,NULL,NULL,NULL,NULL,NULL,NULL,NULL,NULL,NULL,NULL,NULL,NULL,NULL,NULL,NULL,NULL,NULL,NULL,NULL,NULL,NULL,NULL,NULL,NULL,'2018-09-11 01:00:55','2018-09-11 01:00:55'),('UÖu˙øÜ\Á»õ\⁄\0R^äö','Mü´\∆\0íDº£vUçW\ÿT',NULL,NULL,NULL,NULL,NULL,NULL,NULL,NULL,NULL,NULL,NULL,NULL,NULL,NULL,NULL,NULL,NULL,NULL,NULL,NULL,NULL,NULL,NULL,NULL,NULL,NULL,'2018-09-13 12:48:20','2018-09-13 12:48:20'),('UÖu˙øÜ\Á»õ\⁄\0R^äö','M\Ó7\„õ\„{{Q©ô+l◊îm',NULL,NULL,NULL,NULL,NULL,NULL,NULL,NULL,NULL,NULL,NULL,NULL,NULL,NULL,NULL,NULL,NULL,NULL,NULL,NULL,NULL,NULL,NULL,NULL,NULL,NULL,'2018-09-11 01:11:37','2018-09-11 01:11:37'),('UÖu˙øÜ\Á»õ\⁄\0R^äö','XùSk∂\\)\‡sö\–wY\Ï\‹\Õ',NULL,NULL,NULL,NULL,NULL,NULL,NULL,NULL,NULL,NULL,NULL,NULL,NULL,NULL,NULL,NULL,NULL,NULL,NULL,NULL,NULL,NULL,NULL,NULL,NULL,NULL,'2018-09-11 01:14:26','2018-09-11 01:14:26'),('UÖu˙øÜ\Á»õ\⁄\0R^äö','`•yc/*ö•í\‡¨U,\ ~',NULL,NULL,NULL,NULL,NULL,NULL,NULL,NULL,NULL,NULL,NULL,NULL,NULL,NULL,NULL,NULL,NULL,NULL,NULL,NULL,NULL,NULL,NULL,NULL,NULL,NULL,'2018-09-11 00:56:32','2018-09-11 00:56:32'),('UÖu˙øÜ\Á»õ\⁄\0R^äö','rä•|ï\€=VD \Ó¶]2è:',NULL,NULL,NULL,NULL,NULL,NULL,NULL,NULL,NULL,NULL,NULL,NULL,NULL,NULL,NULL,NULL,NULL,NULL,NULL,NULL,NULL,NULL,NULL,NULL,NULL,NULL,'2018-09-11 00:59:17','2018-09-11 00:59:17'),('UÖu˙øÜ\Á»õ\⁄\0R^äö','âK	K¶&\Á\‡xåZ¥K3',NULL,NULL,NULL,NULL,NULL,NULL,NULL,NULL,NULL,NULL,NULL,NULL,NULL,NULL,NULL,NULL,NULL,NULL,NULL,NULL,NULL,NULL,NULL,NULL,NULL,NULL,'2018-09-13 18:23:03','2018-09-13 18:23:03'),('UÖu˙øÜ\Á»õ\⁄\0R^äö','\€\’T\Ô•µ\∆6m\›pjN˘	',NULL,NULL,NULL,NULL,NULL,NULL,NULL,NULL,NULL,NULL,NULL,NULL,NULL,NULL,NULL,NULL,NULL,NULL,NULL,NULL,NULL,NULL,NULL,NULL,NULL,NULL,'2018-09-11 01:18:16','2018-09-11 01:18:16'),('UÖu˙øÜ\Á»õ\⁄\0R^äö','›íÙìÅ§I\‘-2\Á[+ù',NULL,NULL,NULL,NULL,NULL,NULL,NULL,NULL,NULL,NULL,NULL,NULL,NULL,NULL,NULL,NULL,NULL,NULL,NULL,NULL,NULL,NULL,NULL,NULL,NULL,NULL,'2018-09-13 18:23:00','2018-09-13 18:23:00'),('UÖu˙øÜ\Á»õ\⁄\0R^äö','ÁπáZ∫[ºñr—£\‰\Ó\…',NULL,NULL,NULL,NULL,NULL,NULL,NULL,NULL,NULL,NULL,NULL,NULL,NULL,NULL,NULL,NULL,NULL,NULL,NULL,NULL,NULL,NULL,NULL,NULL,NULL,NULL,'2018-09-11 01:08:20','2018-09-11 01:08:20'),('UÖu˙øÜ\Á»õ\⁄\0R^äö','\ÏøÚ1Mv\Â_∏t5ˇ\ƒy˝R',NULL,NULL,NULL,NULL,NULL,NULL,NULL,NULL,NULL,NULL,NULL,NULL,NULL,NULL,NULL,NULL,NULL,NULL,NULL,NULL,NULL,NULL,NULL,NULL,NULL,NULL,'2018-09-11 01:31:31','2018-09-11 01:31:31'),('hs\·ä¡g&?Éq\n)Osfs','âK	K¶&\Á\‡xåZ¥K3',NULL,NULL,NULL,NULL,NULL,NULL,NULL,NULL,NULL,NULL,NULL,NULL,NULL,NULL,NULL,NULL,NULL,NULL,NULL,NULL,NULL,NULL,NULL,NULL,NULL,NULL,'2018-09-13 18:23:03','2018-09-13 18:23:03'),('hs\·ä¡g&?Éq\n)Osfs','›íÙìÅ§I\‘-2\Á[+ù',NULL,NULL,NULL,NULL,NULL,NULL,NULL,NULL,NULL,NULL,NULL,NULL,NULL,NULL,NULL,NULL,NULL,NULL,NULL,NULL,NULL,NULL,NULL,NULL,NULL,NULL,'2018-09-13 18:23:00','2018-09-13 18:23:00'),('{≠\–?´P\ÎX‹±\◊\∆Ò*Ω4','Fe\Í˚w]\⁄\Õ¿Àß\‡è(',NULL,NULL,NULL,NULL,NULL,NULL,NULL,NULL,NULL,NULL,NULL,NULL,NULL,NULL,NULL,NULL,NULL,NULL,NULL,NULL,NULL,NULL,NULL,NULL,NULL,NULL,'2018-09-11 01:00:55','2018-09-11 01:00:55'),('{≠\–?´P\ÎX‹±\◊\∆Ò*Ω4','M\Ó7\„õ\„{{Q©ô+l◊îm',NULL,NULL,NULL,NULL,NULL,NULL,NULL,NULL,NULL,NULL,NULL,NULL,NULL,NULL,NULL,NULL,NULL,NULL,NULL,NULL,NULL,NULL,NULL,NULL,NULL,NULL,'2018-09-11 01:11:37','2018-09-11 01:11:37'),('{≠\–?´P\ÎX‹±\◊\∆Ò*Ω4','XùSk∂\\)\‡sö\–wY\Ï\‹\Õ',NULL,NULL,NULL,NULL,NULL,NULL,NULL,NULL,NULL,NULL,NULL,NULL,NULL,NULL,NULL,NULL,NULL,NULL,NULL,NULL,NULL,NULL,NULL,NULL,NULL,NULL,'2018-09-11 01:14:26','2018-09-11 01:14:26'),('{≠\–?´P\ÎX‹±\◊\∆Ò*Ω4','`•yc/*ö•í\‡¨U,\ ~',NULL,NULL,NULL,NULL,NULL,NULL,NULL,NULL,NULL,NULL,NULL,NULL,NULL,NULL,NULL,NULL,NULL,NULL,NULL,NULL,NULL,NULL,NULL,NULL,NULL,NULL,'2018-09-11 00:56:32','2018-09-11 00:56:32'),('{≠\–?´P\ÎX‹±\◊\∆Ò*Ω4','rä•|ï\€=VD \Ó¶]2è:',NULL,NULL,NULL,NULL,NULL,NULL,NULL,NULL,NULL,NULL,NULL,NULL,NULL,NULL,NULL,NULL,NULL,NULL,NULL,NULL,NULL,NULL,NULL,NULL,NULL,NULL,'2018-09-11 00:59:17','2018-09-11 00:59:17'),('{≠\–?´P\ÎX‹±\◊\∆Ò*Ω4','âK	K¶&\Á\‡xåZ¥K3',NULL,NULL,NULL,NULL,NULL,NULL,NULL,NULL,NULL,NULL,NULL,NULL,NULL,NULL,NULL,NULL,NULL,NULL,NULL,NULL,NULL,NULL,NULL,NULL,NULL,NULL,'2018-09-13 18:23:03','2018-09-13 18:23:03'),('{≠\–?´P\ÎX‹±\◊\∆Ò*Ω4','\€\’T\Ô•µ\∆6m\›pjN˘	',NULL,NULL,NULL,NULL,NULL,NULL,NULL,NULL,NULL,NULL,NULL,NULL,NULL,NULL,NULL,NULL,NULL,NULL,NULL,NULL,NULL,NULL,NULL,NULL,NULL,NULL,'2018-09-11 01:18:16','2018-09-11 01:18:16'),('{≠\–?´P\ÎX‹±\◊\∆Ò*Ω4','›íÙìÅ§I\‘-2\Á[+ù',NULL,NULL,NULL,NULL,NULL,NULL,NULL,NULL,NULL,NULL,NULL,NULL,NULL,NULL,NULL,NULL,NULL,NULL,NULL,NULL,NULL,NULL,NULL,NULL,NULL,NULL,'2018-09-13 18:23:00','2018-09-13 18:23:00'),('{≠\–?´P\ÎX‹±\◊\∆Ò*Ω4','ÁπáZ∫[ºñr—£\‰\Ó\…',NULL,NULL,NULL,NULL,NULL,NULL,NULL,NULL,NULL,NULL,NULL,NULL,NULL,NULL,NULL,NULL,NULL,NULL,NULL,NULL,NULL,NULL,NULL,NULL,NULL,NULL,'2018-09-11 01:08:20','2018-09-11 01:08:20'),('{≠\–?´P\ÎX‹±\◊\∆Ò*Ω4','\ÏøÚ1Mv\Â_∏t5ˇ\ƒy˝R',NULL,NULL,NULL,NULL,NULL,NULL,NULL,NULL,NULL,NULL,NULL,NULL,NULL,NULL,NULL,NULL,NULL,NULL,NULL,NULL,NULL,NULL,NULL,NULL,NULL,NULL,'2018-09-11 01:31:31','2018-09-11 01:31:31'),('|\Ë\ \∆\ŸX\'x$jª\Œ','Fe\Í˚w]\⁄\Õ¿Àß\‡è(',NULL,NULL,NULL,NULL,NULL,NULL,NULL,NULL,NULL,NULL,NULL,NULL,NULL,NULL,NULL,NULL,NULL,NULL,NULL,NULL,NULL,NULL,NULL,NULL,NULL,NULL,'2018-09-11 01:00:55','2018-09-11 01:00:55'),('|\Ë\ \∆\ŸX\'x$jª\Œ','Mü´\∆\0íDº£vUçW\ÿT',NULL,NULL,NULL,NULL,NULL,NULL,NULL,NULL,NULL,NULL,NULL,NULL,NULL,NULL,NULL,NULL,NULL,NULL,NULL,NULL,NULL,NULL,NULL,NULL,NULL,NULL,'2018-09-11 01:32:57','2018-09-11 01:32:57'),('|\Ë\ \∆\ŸX\'x$jª\Œ','M\Ó7\„õ\„{{Q©ô+l◊îm',NULL,NULL,NULL,NULL,NULL,NULL,NULL,NULL,NULL,NULL,NULL,NULL,NULL,NULL,NULL,NULL,NULL,NULL,NULL,NULL,NULL,NULL,NULL,NULL,NULL,NULL,'2018-09-11 01:11:37','2018-09-11 01:11:37'),('|\Ë\ \∆\ŸX\'x$jª\Œ','XùSk∂\\)\‡sö\–wY\Ï\‹\Õ',NULL,NULL,NULL,NULL,NULL,NULL,NULL,NULL,NULL,NULL,NULL,NULL,NULL,NULL,NULL,NULL,NULL,NULL,NULL,NULL,NULL,NULL,NULL,NULL,NULL,NULL,'2018-09-11 01:14:26','2018-09-11 01:14:26'),('|\Ë\ \∆\ŸX\'x$jª\Œ','`•yc/*ö•í\‡¨U,\ ~',NULL,NULL,NULL,NULL,NULL,NULL,NULL,NULL,NULL,NULL,NULL,NULL,NULL,NULL,NULL,NULL,NULL,NULL,NULL,NULL,NULL,NULL,NULL,NULL,NULL,NULL,'2018-09-11 00:56:32','2018-09-11 00:56:32'),('|\Ë\ \∆\ŸX\'x$jª\Œ','r\'¨±Õá\‚!\':}ní\Ë\Â',NULL,NULL,NULL,NULL,NULL,NULL,NULL,NULL,NULL,NULL,NULL,NULL,NULL,NULL,NULL,NULL,NULL,NULL,NULL,NULL,NULL,NULL,NULL,NULL,NULL,NULL,'2018-09-11 01:22:08','2018-09-11 01:22:08'),('|\Ë\ \∆\ŸX\'x$jª\Œ','rä•|ï\€=VD \Ó¶]2è:',NULL,NULL,NULL,NULL,NULL,NULL,NULL,NULL,NULL,NULL,NULL,NULL,NULL,NULL,NULL,NULL,NULL,NULL,NULL,NULL,NULL,NULL,NULL,NULL,NULL,NULL,'2018-09-11 00:59:17','2018-09-11 00:59:17'),('|\Ë\ \∆\ŸX\'x$jª\Œ','âK	K¶&\Á\‡xåZ¥K3',NULL,NULL,NULL,NULL,NULL,NULL,NULL,NULL,NULL,NULL,NULL,NULL,NULL,NULL,NULL,NULL,NULL,NULL,NULL,NULL,NULL,NULL,NULL,NULL,NULL,NULL,'2018-09-13 18:23:03','2018-09-13 18:23:03'),('|\Ë\ \∆\ŸX\'x$jª\Œ','\€\’T\Ô•µ\∆6m\›pjN˘	',NULL,NULL,NULL,NULL,NULL,NULL,NULL,NULL,NULL,NULL,NULL,NULL,NULL,NULL,NULL,NULL,NULL,NULL,NULL,NULL,NULL,NULL,NULL,NULL,NULL,NULL,'2018-09-11 01:18:16','2018-09-11 01:18:16'),('|\Ë\ \∆\ŸX\'x$jª\Œ','›íÙìÅ§I\‘-2\Á[+ù',NULL,NULL,NULL,NULL,NULL,NULL,NULL,NULL,NULL,NULL,NULL,NULL,NULL,NULL,NULL,NULL,NULL,NULL,NULL,NULL,NULL,NULL,NULL,NULL,NULL,NULL,'2018-09-13 18:23:00','2018-09-13 18:23:00'),('|\Ë\ \∆\ŸX\'x$jª\Œ','ÁπáZ∫[ºñr—£\‰\Ó\…',NULL,NULL,NULL,NULL,NULL,NULL,NULL,NULL,NULL,NULL,NULL,NULL,NULL,NULL,NULL,NULL,NULL,NULL,NULL,NULL,NULL,NULL,NULL,NULL,NULL,NULL,'2018-09-11 01:08:20','2018-09-11 01:08:20'),('|\Ë\ \∆\ŸX\'x$jª\Œ','\ÏøÚ1Mv\Â_∏t5ˇ\ƒy˝R',NULL,NULL,NULL,NULL,NULL,NULL,NULL,NULL,NULL,NULL,NULL,NULL,NULL,NULL,NULL,NULL,NULL,NULL,NULL,NULL,NULL,NULL,NULL,NULL,NULL,NULL,'2018-09-11 01:31:31','2018-09-11 01:31:31'),('ó©\Õr¯ü4Uπá≥Ÿù','Fe\Í˚w]\⁄\Õ¿Àß\‡è(',NULL,NULL,NULL,NULL,NULL,NULL,NULL,NULL,NULL,NULL,NULL,NULL,NULL,NULL,NULL,NULL,NULL,NULL,NULL,NULL,NULL,NULL,NULL,NULL,NULL,NULL,'2018-09-11 01:00:55','2018-09-11 01:00:55'),('ó©\Õr¯ü4Uπá≥Ÿù','Mü´\∆\0íDº£vUçW\ÿT',NULL,NULL,NULL,NULL,NULL,NULL,NULL,NULL,NULL,NULL,NULL,NULL,NULL,NULL,NULL,NULL,NULL,NULL,NULL,NULL,NULL,NULL,NULL,NULL,NULL,NULL,'2018-09-13 12:49:02','2018-09-13 12:49:02'),('ó©\Õr¯ü4Uπá≥Ÿù','M\Ó7\„õ\„{{Q©ô+l◊îm',NULL,NULL,NULL,NULL,NULL,NULL,NULL,NULL,NULL,NULL,NULL,NULL,NULL,NULL,NULL,NULL,NULL,NULL,NULL,NULL,NULL,NULL,NULL,NULL,NULL,NULL,'2018-09-11 01:11:37','2018-09-11 01:11:37'),('ó©\Õr¯ü4Uπá≥Ÿù','XùSk∂\\)\‡sö\–wY\Ï\‹\Õ',NULL,NULL,NULL,NULL,NULL,NULL,NULL,NULL,NULL,NULL,NULL,NULL,NULL,NULL,NULL,NULL,NULL,NULL,NULL,NULL,NULL,NULL,NULL,NULL,NULL,NULL,'2018-09-11 01:14:26','2018-09-11 01:14:26'),('ó©\Õr¯ü4Uπá≥Ÿù','`•yc/*ö•í\‡¨U,\ ~',NULL,NULL,NULL,NULL,NULL,NULL,NULL,NULL,NULL,NULL,NULL,NULL,NULL,NULL,NULL,NULL,NULL,NULL,NULL,NULL,NULL,NULL,NULL,NULL,NULL,NULL,'2018-09-11 00:56:32','2018-09-11 00:56:32'),('ó©\Õr¯ü4Uπá≥Ÿù','rä•|ï\€=VD \Ó¶]2è:',NULL,NULL,NULL,NULL,NULL,NULL,NULL,NULL,NULL,NULL,NULL,NULL,NULL,NULL,NULL,NULL,NULL,NULL,NULL,NULL,NULL,NULL,NULL,NULL,NULL,NULL,'2018-09-11 00:59:17','2018-09-11 00:59:17'),('ó©\Õr¯ü4Uπá≥Ÿù','âK	K¶&\Á\‡xåZ¥K3',NULL,NULL,NULL,NULL,NULL,NULL,NULL,NULL,NULL,NULL,NULL,NULL,NULL,NULL,NULL,NULL,NULL,NULL,NULL,NULL,NULL,NULL,NULL,NULL,NULL,NULL,'2018-09-13 18:23:03','2018-09-13 18:23:03'),('ó©\Õr¯ü4Uπá≥Ÿù','\€\’T\Ô•µ\∆6m\›pjN˘	',NULL,NULL,NULL,NULL,NULL,NULL,NULL,NULL,NULL,NULL,NULL,NULL,NULL,NULL,NULL,NULL,NULL,NULL,NULL,NULL,NULL,NULL,NULL,NULL,NULL,NULL,'2018-09-11 01:18:16','2018-09-11 01:18:16'),('ó©\Õr¯ü4Uπá≥Ÿù','›íÙìÅ§I\‘-2\Á[+ù',NULL,NULL,NULL,NULL,NULL,NULL,NULL,NULL,NULL,NULL,NULL,NULL,NULL,NULL,NULL,NULL,NULL,NULL,NULL,NULL,NULL,NULL,NULL,NULL,NULL,NULL,'2018-09-13 18:23:00','2018-09-13 18:23:00'),('ó©\Õr¯ü4Uπá≥Ÿù','ÁπáZ∫[ºñr—£\‰\Ó\…',NULL,NULL,NULL,NULL,NULL,NULL,NULL,NULL,NULL,NULL,NULL,NULL,NULL,NULL,NULL,NULL,NULL,NULL,NULL,NULL,NULL,NULL,NULL,NULL,NULL,NULL,'2018-09-11 01:08:20','2018-09-11 01:08:20'),('ó©\Õr¯ü4Uπá≥Ÿù','\ÏøÚ1Mv\Â_∏t5ˇ\ƒy˝R',NULL,NULL,NULL,NULL,NULL,NULL,NULL,NULL,NULL,NULL,NULL,NULL,NULL,NULL,NULL,NULL,NULL,NULL,NULL,NULL,NULL,NULL,NULL,NULL,NULL,NULL,'2018-09-11 01:31:31','2018-09-11 01:31:31'),('òû≤3óÀì¢¡\Ïìã \œ\À','âK	K¶&\Á\‡xåZ¥K3',NULL,NULL,NULL,NULL,NULL,NULL,NULL,NULL,NULL,NULL,NULL,NULL,NULL,NULL,NULL,NULL,NULL,NULL,NULL,NULL,NULL,NULL,NULL,NULL,NULL,NULL,'2018-09-13 18:23:03','2018-09-13 18:23:03'),('òû≤3óÀì¢¡\Ïìã \œ\À','›íÙìÅ§I\‘-2\Á[+ù',NULL,NULL,NULL,NULL,NULL,NULL,NULL,NULL,NULL,NULL,NULL,NULL,NULL,NULL,NULL,NULL,NULL,NULL,NULL,NULL,NULL,NULL,NULL,NULL,NULL,NULL,'2018-09-13 18:23:00','2018-09-13 18:23:00'),('öE:H\Ôzn“£∂\ﬂ=','Fe\Í˚w]\⁄\Õ¿Àß\‡è(',NULL,NULL,NULL,NULL,NULL,NULL,NULL,NULL,NULL,NULL,NULL,NULL,NULL,NULL,NULL,NULL,NULL,NULL,NULL,NULL,NULL,NULL,NULL,NULL,NULL,NULL,'2018-09-11 01:00:55','2018-09-11 01:00:55'),('öE:H\Ôzn“£∂\ﬂ=','Mü´\∆\0íDº£vUçW\ÿT',NULL,NULL,NULL,NULL,NULL,NULL,NULL,NULL,NULL,NULL,NULL,NULL,NULL,NULL,NULL,NULL,NULL,NULL,NULL,NULL,NULL,NULL,NULL,NULL,NULL,NULL,'2018-09-13 12:36:45','2018-09-13 12:36:45'),('öE:H\Ôzn“£∂\ﬂ=','M\Ó7\„õ\„{{Q©ô+l◊îm',3,NULL,NULL,NULL,NULL,NULL,NULL,NULL,NULL,NULL,NULL,NULL,NULL,NULL,NULL,NULL,NULL,NULL,NULL,NULL,NULL,NULL,NULL,NULL,NULL,NULL,'2018-09-11 01:11:37','2018-09-12 00:07:29'),('öE:H\Ôzn“£∂\ﬂ=','XùSk∂\\)\‡sö\–wY\Ï\‹\Õ',NULL,NULL,NULL,NULL,NULL,NULL,NULL,NULL,NULL,NULL,NULL,NULL,NULL,NULL,NULL,NULL,NULL,NULL,NULL,NULL,NULL,NULL,NULL,NULL,NULL,NULL,'2018-09-11 01:14:26','2018-09-11 01:14:26'),('öE:H\Ôzn“£∂\ﬂ=','`•yc/*ö•í\‡¨U,\ ~',NULL,NULL,NULL,NULL,NULL,NULL,NULL,NULL,NULL,NULL,NULL,NULL,NULL,NULL,NULL,NULL,NULL,NULL,NULL,NULL,NULL,NULL,NULL,NULL,NULL,NULL,'2018-09-11 00:56:32','2018-09-11 00:56:32'),('öE:H\Ôzn“£∂\ﬂ=','rä•|ï\€=VD \Ó¶]2è:',NULL,NULL,NULL,NULL,NULL,NULL,NULL,NULL,NULL,NULL,NULL,NULL,NULL,NULL,NULL,NULL,NULL,NULL,NULL,NULL,NULL,NULL,NULL,NULL,NULL,NULL,'2018-09-11 00:59:17','2018-09-11 00:59:17'),('öE:H\Ôzn“£∂\ﬂ=','âK	K¶&\Á\‡xåZ¥K3',NULL,NULL,NULL,NULL,NULL,NULL,NULL,NULL,NULL,NULL,NULL,NULL,NULL,NULL,NULL,NULL,NULL,NULL,NULL,NULL,NULL,NULL,NULL,NULL,NULL,NULL,'2018-09-13 18:23:03','2018-09-13 18:23:03'),('öE:H\Ôzn“£∂\ﬂ=','\€\’T\Ô•µ\∆6m\›pjN˘	',NULL,NULL,NULL,NULL,NULL,NULL,NULL,NULL,NULL,NULL,NULL,NULL,NULL,NULL,NULL,NULL,NULL,NULL,NULL,NULL,NULL,NULL,NULL,NULL,NULL,NULL,'2018-09-11 01:18:16','2018-09-11 01:18:16'),('öE:H\Ôzn“£∂\ﬂ=','›íÙìÅ§I\‘-2\Á[+ù',NULL,NULL,NULL,NULL,NULL,NULL,NULL,NULL,NULL,NULL,NULL,NULL,NULL,NULL,NULL,NULL,NULL,NULL,NULL,NULL,NULL,NULL,NULL,NULL,NULL,NULL,'2018-09-13 18:23:00','2018-09-13 18:23:00'),('öE:H\Ôzn“£∂\ﬂ=','ÁπáZ∫[ºñr—£\‰\Ó\…',NULL,NULL,NULL,NULL,NULL,NULL,NULL,NULL,NULL,NULL,NULL,NULL,NULL,NULL,NULL,NULL,NULL,NULL,NULL,NULL,NULL,NULL,NULL,NULL,NULL,NULL,'2018-09-11 01:08:20','2018-09-11 01:08:20'),('öE:H\Ôzn“£∂\ﬂ=','\ÏøÚ1Mv\Â_∏t5ˇ\ƒy˝R',NULL,NULL,NULL,NULL,NULL,NULL,NULL,NULL,NULL,NULL,NULL,NULL,NULL,NULL,NULL,NULL,NULL,NULL,NULL,NULL,NULL,NULL,NULL,NULL,NULL,NULL,'2018-09-11 01:31:31','2018-09-11 01:31:31'),('°\Ê˚îﬁåYº\‰4\ÔıÚT˝x','âK	K¶&\Á\‡xåZ¥K3',NULL,NULL,NULL,NULL,NULL,NULL,NULL,NULL,NULL,NULL,NULL,NULL,NULL,NULL,NULL,NULL,NULL,NULL,NULL,NULL,NULL,NULL,NULL,NULL,NULL,NULL,'2018-09-13 18:23:03','2018-09-13 18:23:03'),('°\Ê˚îﬁåYº\‰4\ÔıÚT˝x','¢*/kˇ^5\0y˚HÅ',NULL,NULL,NULL,NULL,NULL,NULL,NULL,NULL,NULL,NULL,NULL,NULL,NULL,NULL,NULL,NULL,NULL,NULL,NULL,NULL,NULL,NULL,NULL,NULL,NULL,NULL,'2018-09-13 19:33:53','2018-09-13 19:33:53'),('°\Ê˚îﬁåYº\‰4\ÔıÚT˝x','›íÙìÅ§I\‘-2\Á[+ù',NULL,NULL,NULL,NULL,NULL,NULL,NULL,NULL,NULL,NULL,NULL,NULL,NULL,NULL,NULL,NULL,NULL,NULL,NULL,NULL,NULL,NULL,NULL,NULL,NULL,NULL,'2018-09-13 18:23:00','2018-09-13 18:23:00'),('¨	S¡}ı\„_\ƒ\»\»g\Ô\Ï','Fe\Í˚w]\⁄\Õ¿Àß\‡è(',NULL,NULL,NULL,NULL,NULL,NULL,NULL,NULL,NULL,NULL,NULL,NULL,NULL,NULL,NULL,NULL,NULL,NULL,NULL,NULL,NULL,NULL,NULL,NULL,NULL,NULL,'2018-09-11 01:00:55','2018-09-11 01:00:55'),('¨	S¡}ı\„_\ƒ\»\»g\Ô\Ï','Mü´\∆\0íDº£vUçW\ÿT',NULL,NULL,NULL,NULL,NULL,NULL,NULL,NULL,NULL,NULL,NULL,NULL,NULL,NULL,NULL,NULL,NULL,NULL,NULL,NULL,NULL,NULL,NULL,NULL,NULL,NULL,'2018-09-13 12:26:07','2018-09-13 12:26:07'),('¨	S¡}ı\„_\ƒ\»\»g\Ô\Ï','M\Ó7\„õ\„{{Q©ô+l◊îm',NULL,NULL,NULL,NULL,NULL,NULL,NULL,NULL,NULL,NULL,NULL,NULL,NULL,NULL,NULL,NULL,NULL,NULL,NULL,NULL,NULL,NULL,NULL,NULL,NULL,NULL,'2018-09-11 01:11:37','2018-09-11 01:11:37'),('¨	S¡}ı\„_\ƒ\»\»g\Ô\Ï','XùSk∂\\)\‡sö\–wY\Ï\‹\Õ',NULL,NULL,NULL,NULL,NULL,NULL,NULL,NULL,NULL,NULL,NULL,NULL,NULL,NULL,NULL,NULL,NULL,NULL,NULL,NULL,NULL,NULL,NULL,NULL,NULL,NULL,'2018-09-11 01:14:26','2018-09-11 01:14:26'),('¨	S¡}ı\„_\ƒ\»\»g\Ô\Ï','`•yc/*ö•í\‡¨U,\ ~',NULL,NULL,NULL,NULL,NULL,NULL,NULL,NULL,NULL,NULL,NULL,NULL,NULL,NULL,NULL,NULL,NULL,NULL,NULL,NULL,NULL,NULL,NULL,NULL,NULL,NULL,'2018-09-11 00:56:32','2018-09-11 00:56:32'),('¨	S¡}ı\„_\ƒ\»\»g\Ô\Ï','r\'¨±Õá\‚!\':}ní\Ë\Â',NULL,NULL,NULL,NULL,NULL,NULL,NULL,NULL,NULL,NULL,NULL,NULL,NULL,NULL,NULL,NULL,NULL,NULL,NULL,NULL,NULL,NULL,NULL,NULL,NULL,NULL,'2018-09-11 01:22:08','2018-09-11 01:22:08'),('¨	S¡}ı\„_\ƒ\»\»g\Ô\Ï','rä•|ï\€=VD \Ó¶]2è:',NULL,NULL,NULL,NULL,NULL,NULL,NULL,NULL,NULL,NULL,NULL,NULL,NULL,NULL,NULL,NULL,NULL,NULL,NULL,NULL,NULL,NULL,NULL,NULL,NULL,NULL,'2018-09-11 00:59:17','2018-09-11 00:59:17'),('¨	S¡}ı\„_\ƒ\»\»g\Ô\Ï','âK	K¶&\Á\‡xåZ¥K3',NULL,NULL,NULL,NULL,NULL,NULL,NULL,NULL,NULL,NULL,NULL,NULL,NULL,NULL,NULL,NULL,NULL,NULL,NULL,NULL,NULL,NULL,NULL,NULL,NULL,NULL,'2018-09-13 18:23:03','2018-09-13 18:23:03'),('¨	S¡}ı\„_\ƒ\»\»g\Ô\Ï','\€\’T\Ô•µ\∆6m\›pjN˘	',NULL,NULL,NULL,NULL,NULL,NULL,NULL,NULL,NULL,NULL,NULL,NULL,NULL,NULL,NULL,NULL,NULL,NULL,NULL,NULL,NULL,NULL,NULL,NULL,NULL,NULL,'2018-09-11 01:18:16','2018-09-11 01:18:16'),('¨	S¡}ı\„_\ƒ\»\»g\Ô\Ï','›íÙìÅ§I\‘-2\Á[+ù',NULL,NULL,NULL,NULL,NULL,NULL,NULL,NULL,NULL,NULL,NULL,NULL,NULL,NULL,NULL,NULL,NULL,NULL,NULL,NULL,NULL,NULL,NULL,NULL,NULL,NULL,'2018-09-13 18:23:00','2018-09-13 18:23:00'),('¨	S¡}ı\„_\ƒ\»\»g\Ô\Ï','ÁπáZ∫[ºñr—£\‰\Ó\…',NULL,NULL,NULL,NULL,NULL,NULL,NULL,NULL,NULL,NULL,NULL,NULL,NULL,NULL,NULL,NULL,NULL,NULL,NULL,NULL,NULL,NULL,NULL,NULL,NULL,NULL,'2018-09-11 01:08:20','2018-09-11 01:08:20'),('¨	S¡}ı\„_\ƒ\»\»g\Ô\Ï','\ÏøÚ1Mv\Â_∏t5ˇ\ƒy˝R',NULL,NULL,NULL,NULL,NULL,NULL,NULL,NULL,NULL,NULL,NULL,NULL,NULL,NULL,NULL,NULL,NULL,NULL,NULL,NULL,NULL,NULL,NULL,NULL,NULL,NULL,'2018-09-11 01:31:31','2018-09-11 01:31:31'),('≥\0l™\‘1\œ*ÁÜà\⁄2\'D','ÕÇµÅ%µBv(≥{\"\È≠2',NULL,NULL,NULL,NULL,NULL,NULL,NULL,NULL,NULL,NULL,NULL,NULL,NULL,NULL,NULL,NULL,NULL,NULL,NULL,NULL,NULL,NULL,NULL,NULL,NULL,NULL,'2018-09-11 16:14:06','2018-09-11 16:14:06'),('≥\0l™\‘1\œ*ÁÜà\⁄2\'D','Gg¸\ﬁ\Ê\≈X5â/\€\ \¬',NULL,NULL,NULL,NULL,NULL,NULL,NULL,NULL,NULL,NULL,NULL,NULL,NULL,NULL,NULL,NULL,NULL,NULL,NULL,NULL,NULL,NULL,NULL,NULL,NULL,NULL,'2018-09-11 01:27:20','2018-09-11 01:27:20'),('∏˜¿øvô,eä\⁄<d\Î∂','ÕÇµÅ%µBv(≥{\"\È≠2',NULL,NULL,NULL,NULL,NULL,NULL,NULL,NULL,NULL,NULL,NULL,NULL,NULL,NULL,NULL,NULL,NULL,NULL,NULL,NULL,NULL,NULL,NULL,NULL,NULL,NULL,'2018-09-13 17:47:20','2018-09-13 17:47:20'),('\»\'\‘»∑Nn◊ôu)äµ∞¨','Fe\Í˚w]\⁄\Õ¿Àß\‡è(',NULL,NULL,NULL,NULL,NULL,NULL,NULL,NULL,NULL,NULL,NULL,NULL,NULL,NULL,NULL,NULL,NULL,NULL,NULL,NULL,NULL,NULL,NULL,NULL,NULL,NULL,'2018-09-11 01:00:55','2018-09-11 01:00:55'),('\»\'\‘»∑Nn◊ôu)äµ∞¨','M\Ó7\„õ\„{{Q©ô+l◊îm',NULL,NULL,NULL,NULL,NULL,NULL,NULL,NULL,NULL,NULL,NULL,NULL,NULL,NULL,NULL,NULL,NULL,NULL,NULL,NULL,NULL,NULL,NULL,NULL,NULL,NULL,'2018-09-11 01:11:37','2018-09-11 01:11:37'),('\»\'\‘»∑Nn◊ôu)äµ∞¨','XùSk∂\\)\‡sö\–wY\Ï\‹\Õ',NULL,NULL,NULL,NULL,NULL,NULL,NULL,NULL,NULL,NULL,NULL,NULL,NULL,NULL,NULL,NULL,NULL,NULL,NULL,NULL,NULL,NULL,NULL,NULL,NULL,NULL,'2018-09-11 01:14:26','2018-09-11 01:14:26'),('\»\'\‘»∑Nn◊ôu)äµ∞¨','`•yc/*ö•í\‡¨U,\ ~',NULL,NULL,NULL,NULL,NULL,NULL,NULL,NULL,NULL,NULL,NULL,NULL,NULL,NULL,NULL,NULL,NULL,NULL,NULL,NULL,NULL,NULL,NULL,NULL,NULL,NULL,'2018-09-11 00:56:32','2018-09-11 00:56:32'),('\»\'\‘»∑Nn◊ôu)äµ∞¨','rä•|ï\€=VD \Ó¶]2è:',NULL,NULL,NULL,NULL,NULL,NULL,NULL,NULL,NULL,NULL,NULL,NULL,NULL,NULL,NULL,NULL,NULL,NULL,NULL,NULL,NULL,NULL,NULL,NULL,NULL,NULL,'2018-09-11 00:59:17','2018-09-11 00:59:17'),('\»\'\‘»∑Nn◊ôu)äµ∞¨','âK	K¶&\Á\‡xåZ¥K3',NULL,NULL,NULL,NULL,NULL,NULL,NULL,NULL,NULL,NULL,NULL,NULL,NULL,NULL,NULL,NULL,NULL,NULL,NULL,NULL,NULL,NULL,NULL,NULL,NULL,NULL,'2018-09-13 18:23:03','2018-09-13 18:23:03'),('\»\'\‘»∑Nn◊ôu)äµ∞¨','\€\’T\Ô•µ\∆6m\›pjN˘	',NULL,NULL,NULL,NULL,NULL,NULL,NULL,NULL,NULL,NULL,NULL,NULL,NULL,NULL,NULL,NULL,NULL,NULL,NULL,NULL,NULL,NULL,NULL,NULL,NULL,NULL,'2018-09-11 01:18:16','2018-09-11 01:18:16'),('\»\'\‘»∑Nn◊ôu)äµ∞¨','›íÙìÅ§I\‘-2\Á[+ù',NULL,NULL,NULL,NULL,NULL,NULL,NULL,NULL,NULL,NULL,NULL,NULL,NULL,NULL,NULL,NULL,NULL,NULL,NULL,NULL,NULL,NULL,NULL,NULL,NULL,NULL,'2018-09-13 18:23:00','2018-09-13 18:23:00'),('\»\'\‘»∑Nn◊ôu)äµ∞¨','ÁπáZ∫[ºñr—£\‰\Ó\…',NULL,NULL,NULL,NULL,NULL,NULL,NULL,NULL,NULL,NULL,NULL,NULL,NULL,NULL,NULL,NULL,NULL,NULL,NULL,NULL,NULL,NULL,NULL,NULL,NULL,NULL,'2018-09-11 01:08:20','2018-09-11 01:08:20'),('\»\'\‘»∑Nn◊ôu)äµ∞¨','\ÏøÚ1Mv\Â_∏t5ˇ\ƒy˝R',NULL,NULL,NULL,NULL,NULL,NULL,NULL,NULL,NULL,NULL,NULL,NULL,NULL,NULL,NULL,NULL,NULL,NULL,NULL,NULL,NULL,NULL,NULL,NULL,NULL,NULL,'2018-09-11 01:31:31','2018-09-11 01:31:31'),('\œ˚+˛\Î ≤m\Ã\Ê(+ç\Ì','Fe\Í˚w]\⁄\Õ¿Àß\‡è(',NULL,NULL,NULL,NULL,NULL,NULL,NULL,NULL,NULL,NULL,NULL,NULL,NULL,NULL,NULL,NULL,NULL,NULL,NULL,NULL,NULL,NULL,NULL,NULL,NULL,NULL,'2018-09-11 01:00:55','2018-09-11 01:00:55'),('\œ˚+˛\Î ≤m\Ã\Ê(+ç\Ì','Mü´\∆\0íDº£vUçW\ÿT',NULL,NULL,NULL,NULL,NULL,NULL,NULL,NULL,NULL,NULL,NULL,NULL,NULL,NULL,NULL,NULL,NULL,NULL,NULL,NULL,NULL,NULL,NULL,NULL,NULL,NULL,'2018-09-13 12:48:20','2018-09-13 12:48:20'),('\œ˚+˛\Î ≤m\Ã\Ê(+ç\Ì','M\Ó7\„õ\„{{Q©ô+l◊îm',NULL,NULL,NULL,NULL,NULL,NULL,NULL,NULL,NULL,NULL,NULL,NULL,NULL,NULL,NULL,NULL,NULL,NULL,NULL,NULL,NULL,NULL,NULL,NULL,NULL,NULL,'2018-09-11 01:11:37','2018-09-11 01:11:37'),('\œ˚+˛\Î ≤m\Ã\Ê(+ç\Ì','XùSk∂\\)\‡sö\–wY\Ï\‹\Õ',NULL,NULL,NULL,NULL,NULL,NULL,NULL,NULL,NULL,NULL,NULL,NULL,NULL,NULL,NULL,NULL,NULL,NULL,NULL,NULL,NULL,NULL,NULL,NULL,NULL,NULL,'2018-09-11 01:14:26','2018-09-11 01:14:26'),('\œ˚+˛\Î ≤m\Ã\Ê(+ç\Ì','`•yc/*ö•í\‡¨U,\ ~',NULL,NULL,NULL,NULL,NULL,NULL,NULL,NULL,NULL,NULL,NULL,NULL,NULL,NULL,NULL,NULL,NULL,NULL,NULL,NULL,NULL,NULL,NULL,NULL,NULL,NULL,'2018-09-11 00:56:32','2018-09-11 00:56:32'),('\œ˚+˛\Î ≤m\Ã\Ê(+ç\Ì','rä•|ï\€=VD \Ó¶]2è:',NULL,NULL,NULL,NULL,NULL,NULL,NULL,NULL,NULL,NULL,NULL,NULL,NULL,NULL,NULL,NULL,NULL,NULL,NULL,NULL,NULL,NULL,NULL,NULL,NULL,NULL,'2018-09-11 00:59:17','2018-09-11 00:59:17'),('\œ˚+˛\Î ≤m\Ã\Ê(+ç\Ì','âK	K¶&\Á\‡xåZ¥K3',NULL,NULL,NULL,NULL,NULL,NULL,NULL,NULL,NULL,NULL,NULL,NULL,NULL,NULL,NULL,NULL,NULL,NULL,NULL,NULL,NULL,NULL,NULL,NULL,NULL,NULL,'2018-09-13 18:23:03','2018-09-13 18:23:03'),('\œ˚+˛\Î ≤m\Ã\Ê(+ç\Ì','\€\’T\Ô•µ\∆6m\›pjN˘	',NULL,NULL,NULL,NULL,NULL,NULL,NULL,NULL,NULL,NULL,NULL,NULL,NULL,NULL,NULL,NULL,NULL,NULL,NULL,NULL,NULL,NULL,NULL,NULL,NULL,NULL,'2018-09-11 01:18:16','2018-09-11 01:18:16'),('\œ˚+˛\Î ≤m\Ã\Ê(+ç\Ì','›íÙìÅ§I\‘-2\Á[+ù',NULL,NULL,NULL,NULL,NULL,NULL,NULL,NULL,NULL,NULL,NULL,NULL,NULL,NULL,NULL,NULL,NULL,NULL,NULL,NULL,NULL,NULL,NULL,NULL,NULL,NULL,'2018-09-13 18:23:00','2018-09-13 18:23:00'),('\œ˚+˛\Î ≤m\Ã\Ê(+ç\Ì','ÁπáZ∫[ºñr—£\‰\Ó\…',NULL,NULL,NULL,NULL,NULL,NULL,NULL,NULL,NULL,NULL,NULL,NULL,NULL,NULL,NULL,NULL,NULL,NULL,NULL,NULL,NULL,NULL,NULL,NULL,NULL,NULL,'2018-09-11 01:08:20','2018-09-11 01:08:20'),('\œ˚+˛\Î ≤m\Ã\Ê(+ç\Ì','\ÏøÚ1Mv\Â_∏t5ˇ\ƒy˝R',NULL,NULL,NULL,NULL,NULL,NULL,NULL,NULL,NULL,NULL,NULL,NULL,NULL,NULL,NULL,NULL,NULL,NULL,NULL,NULL,NULL,NULL,NULL,NULL,NULL,NULL,'2018-09-11 01:31:31','2018-09-11 01:31:31'),('È©∂U;\⁄¿l\‰Å]∫\Î#','âK	K¶&\Á\‡xåZ¥K3',NULL,NULL,NULL,NULL,NULL,NULL,NULL,NULL,NULL,NULL,NULL,NULL,NULL,NULL,NULL,NULL,NULL,NULL,NULL,NULL,NULL,NULL,NULL,NULL,NULL,NULL,'2018-09-13 18:23:03','2018-09-13 18:23:03'),('È©∂U;\⁄¿l\‰Å]∫\Î#','›íÙìÅ§I\‘-2\Á[+ù',NULL,NULL,NULL,NULL,NULL,NULL,NULL,NULL,NULL,NULL,NULL,NULL,NULL,NULL,NULL,NULL,NULL,NULL,NULL,NULL,NULL,NULL,NULL,NULL,NULL,NULL,'2018-09-13 18:23:00','2018-09-13 18:23:00'),('Ò\Ìu\Õ\n∞3\‹ˇMt\Ëâ','Fe\Í˚w]\⁄\Õ¿Àß\‡è(',NULL,NULL,NULL,NULL,NULL,NULL,NULL,NULL,NULL,NULL,NULL,NULL,NULL,NULL,NULL,NULL,NULL,NULL,NULL,NULL,NULL,NULL,NULL,NULL,NULL,NULL,'2018-09-11 01:00:55','2018-09-11 01:00:55'),('Ò\Ìu\Õ\n∞3\‹ˇMt\Ëâ','Mü´\∆\0íDº£vUçW\ÿT',NULL,NULL,NULL,NULL,NULL,NULL,NULL,NULL,NULL,NULL,NULL,NULL,NULL,NULL,NULL,NULL,NULL,NULL,NULL,NULL,NULL,NULL,NULL,NULL,NULL,NULL,'2018-09-13 12:42:06','2018-09-13 12:42:06'),('Ò\Ìu\Õ\n∞3\‹ˇMt\Ëâ','M\Ó7\„õ\„{{Q©ô+l◊îm',NULL,NULL,NULL,NULL,NULL,NULL,NULL,NULL,NULL,NULL,NULL,NULL,NULL,NULL,NULL,NULL,NULL,NULL,NULL,NULL,NULL,NULL,NULL,NULL,NULL,NULL,'2018-09-11 01:11:37','2018-09-11 01:11:37'),('Ò\Ìu\Õ\n∞3\‹ˇMt\Ëâ','XùSk∂\\)\‡sö\–wY\Ï\‹\Õ',3,NULL,NULL,NULL,NULL,NULL,NULL,NULL,NULL,NULL,NULL,NULL,NULL,NULL,NULL,NULL,NULL,NULL,NULL,NULL,NULL,NULL,NULL,NULL,NULL,NULL,'2018-09-11 01:14:26','2018-09-12 03:01:38'),('Ò\Ìu\Õ\n∞3\‹ˇMt\Ëâ','`•yc/*ö•í\‡¨U,\ ~',NULL,NULL,NULL,NULL,NULL,NULL,NULL,NULL,NULL,NULL,NULL,NULL,NULL,NULL,NULL,NULL,NULL,NULL,NULL,NULL,NULL,NULL,NULL,NULL,NULL,NULL,'2018-09-11 00:56:32','2018-09-11 00:56:32'),('Ò\Ìu\Õ\n∞3\‹ˇMt\Ëâ','r\'¨±Õá\‚!\':}ní\Ë\Â',NULL,NULL,NULL,NULL,NULL,NULL,NULL,NULL,NULL,NULL,NULL,NULL,NULL,NULL,NULL,NULL,NULL,NULL,NULL,NULL,NULL,NULL,NULL,NULL,NULL,NULL,'2018-09-13 12:29:14','2018-09-13 12:29:14'),('Ò\Ìu\Õ\n∞3\‹ˇMt\Ëâ','rä•|ï\€=VD \Ó¶]2è:',NULL,NULL,NULL,NULL,NULL,NULL,NULL,NULL,NULL,NULL,NULL,NULL,NULL,NULL,NULL,NULL,NULL,NULL,NULL,NULL,NULL,NULL,NULL,NULL,NULL,NULL,'2018-09-11 00:59:17','2018-09-11 00:59:17'),('Ò\Ìu\Õ\n∞3\‹ˇMt\Ëâ','âK	K¶&\Á\‡xåZ¥K3',NULL,NULL,NULL,NULL,NULL,NULL,NULL,NULL,NULL,NULL,NULL,NULL,NULL,NULL,NULL,NULL,NULL,NULL,NULL,NULL,NULL,NULL,NULL,NULL,NULL,NULL,'2018-09-13 18:23:03','2018-09-13 18:23:03'),('Ò\Ìu\Õ\n∞3\‹ˇMt\Ëâ','\€\’T\Ô•µ\∆6m\›pjN˘	',NULL,NULL,NULL,NULL,NULL,NULL,NULL,NULL,NULL,NULL,NULL,NULL,NULL,NULL,NULL,NULL,NULL,NULL,NULL,NULL,NULL,NULL,NULL,NULL,NULL,NULL,'2018-09-11 01:18:16','2018-09-11 01:18:16'),('Ò\Ìu\Õ\n∞3\‹ˇMt\Ëâ','›íÙìÅ§I\‘-2\Á[+ù',NULL,NULL,NULL,NULL,NULL,NULL,NULL,NULL,NULL,NULL,NULL,NULL,NULL,NULL,NULL,NULL,NULL,NULL,NULL,NULL,NULL,NULL,NULL,NULL,NULL,NULL,'2018-09-13 18:23:00','2018-09-13 18:23:00'),('Ò\Ìu\Õ\n∞3\‹ˇMt\Ëâ','ÁπáZ∫[ºñr—£\‰\Ó\…',NULL,NULL,NULL,NULL,NULL,NULL,NULL,NULL,NULL,NULL,NULL,NULL,NULL,NULL,NULL,NULL,NULL,NULL,NULL,NULL,NULL,NULL,NULL,NULL,NULL,NULL,'2018-09-11 01:08:20','2018-09-11 01:08:20'),('Ò\Ìu\Õ\n∞3\‹ˇMt\Ëâ','\ÏøÚ1Mv\Â_∏t5ˇ\ƒy˝R',NULL,NULL,NULL,NULL,NULL,NULL,NULL,NULL,NULL,NULL,NULL,NULL,NULL,NULL,NULL,NULL,NULL,NULL,NULL,NULL,NULL,NULL,NULL,NULL,NULL,NULL,'2018-09-11 01:31:31','2018-09-11 01:31:31'),('ÙCfº\Ãu¥\\\‹.≠\œ\ﬁˆ+','âK	K¶&\Á\‡xåZ¥K3',3,'He is very bobbery',NULL,NULL,NULL,NULL,NULL,NULL,NULL,NULL,NULL,NULL,NULL,NULL,NULL,NULL,NULL,NULL,NULL,NULL,NULL,NULL,NULL,NULL,NULL,NULL,'2018-09-13 18:23:03','2018-09-13 18:28:47'),('ÙCfº\Ãu¥\\\‹.≠\œ\ﬁˆ+','¢*/kˇ^5\0y˚HÅ',NULL,NULL,NULL,NULL,NULL,NULL,NULL,NULL,NULL,NULL,NULL,NULL,NULL,NULL,NULL,NULL,NULL,NULL,NULL,NULL,NULL,NULL,NULL,NULL,NULL,NULL,'2018-09-13 19:33:53','2018-09-13 19:33:53'),('ÙCfº\Ãu¥\\\‹.≠\œ\ﬁˆ+','›íÙìÅ§I\‘-2\Á[+ù',NULL,NULL,NULL,NULL,NULL,NULL,NULL,NULL,NULL,NULL,NULL,NULL,NULL,NULL,NULL,NULL,NULL,NULL,NULL,NULL,NULL,NULL,NULL,NULL,NULL,NULL,'2018-09-13 18:23:00','2018-09-13 18:23:00'),('ˆl_\r˙\‚Ö\À\Z£É∑1/d$','âK	K¶&\Á\‡xåZ¥K3',NULL,NULL,NULL,NULL,NULL,NULL,NULL,NULL,NULL,NULL,NULL,NULL,NULL,NULL,NULL,NULL,NULL,NULL,NULL,NULL,NULL,NULL,NULL,NULL,NULL,NULL,'2018-09-13 18:23:03','2018-09-13 18:23:03'),('ˆl_\r˙\‚Ö\À\Z£É∑1/d$','›íÙìÅ§I\‘-2\Á[+ù',NULL,NULL,NULL,NULL,NULL,NULL,NULL,NULL,NULL,NULL,NULL,NULL,NULL,NULL,NULL,NULL,NULL,NULL,NULL,NULL,NULL,NULL,NULL,NULL,NULL,NULL,'2018-09-13 18:23:00','2018-09-13 18:23:00'),('˝˝ÿ¶ìz˚mä|\€Ñù™','âK	K¶&\Á\‡xåZ¥K3',NULL,NULL,NULL,NULL,NULL,NULL,NULL,NULL,NULL,NULL,NULL,NULL,NULL,NULL,NULL,NULL,NULL,NULL,NULL,NULL,NULL,NULL,NULL,NULL,NULL,NULL,'2018-09-13 18:23:03','2018-09-13 18:23:03'),('˝˝ÿ¶ìz˚mä|\€Ñù™','¢*/kˇ^5\0y˚HÅ',NULL,NULL,NULL,NULL,NULL,NULL,NULL,NULL,NULL,NULL,NULL,NULL,NULL,NULL,NULL,NULL,NULL,NULL,NULL,NULL,NULL,NULL,NULL,NULL,NULL,NULL,'2018-09-13 19:33:53','2018-09-13 19:33:53'),('˝˝ÿ¶ìz˚mä|\€Ñù™','›íÙìÅ§I\‘-2\Á[+ù',NULL,NULL,NULL,NULL,NULL,NULL,NULL,NULL,NULL,NULL,NULL,NULL,NULL,NULL,NULL,NULL,NULL,NULL,NULL,NULL,NULL,NULL,NULL,NULL,NULL,NULL,'2018-09-13 18:23:00','2018-09-13 18:23:00');
/*!40000 ALTER TABLE `assestments` ENABLE KEYS */;
UNLOCK TABLES;

--
-- Table structure for table `formulas`
--

DROP TABLE IF EXISTS `formulas`;
/*!40101 SET @saved_cs_client     = @@character_set_client */;
/*!40101 SET character_set_client = utf8 */;
CREATE TABLE `formulas` (
  `id` binary(16) NOT NULL,
  `userId` binary(16) NOT NULL,
  `title` varchar(45) DEFAULT NULL,
  `hittingMechanics` tinyint(3) unsigned DEFAULT NULL,
  `batSpeed` tinyint(3) unsigned DEFAULT NULL,
  `batContact` tinyint(3) unsigned DEFAULT NULL,
  `throwingMechanics` tinyint(3) unsigned DEFAULT NULL,
  `armStrength` tinyint(3) unsigned DEFAULT NULL,
  `armAccuracy` tinyint(3) unsigned DEFAULT NULL,
  `teamId` binary(16) DEFAULT NULL,
  `inField` tinyint(3) unsigned DEFAULT NULL,
  `outField` tinyint(3) unsigned DEFAULT NULL,
  `baserunMechanics` tinyint(3) unsigned DEFAULT NULL,
  `baserunSpeed` tinyint(3) unsigned DEFAULT NULL,
  `heart` tinyint(3) unsigned DEFAULT NULL,
  `attitude` tinyint(3) unsigned DEFAULT NULL,
  `coachability` tinyint(3) unsigned DEFAULT NULL,
  `createdAt` datetime DEFAULT NULL,
  `updatedAt` datetime DEFAULT NULL,
  PRIMARY KEY (`id`),
  KEY `fk_formulas_users1_idx` (`userId`),
  CONSTRAINT `fk_formulas_users1` FOREIGN KEY (`userId`) REFERENCES `users` (`id`) ON DELETE CASCADE ON UPDATE CASCADE
) ENGINE=InnoDB DEFAULT CHARSET=utf8;
/*!40101 SET character_set_client = @saved_cs_client */;

--
-- Dumping data for table `formulas`
--

LOCK TABLES `formulas` WRITE;
/*!40000 ALTER TABLE `formulas` DISABLE KEYS */;
INSERT INTO `formulas` VALUES ('£N1¡ıº\…\⁄2WÙ','†∂\0pµìl¢\ ¿Ö®A','Big Hitter',100,100,100,100,100,100,NULL,100,100,100,100,100,100,100,'2018-09-09 13:10:58','2018-09-09 21:36:13'),('z\Ó.§ó\Ó•pÑ“ò¶>\Ó.\'','†∂\0pµìl¢\ ¿Ö®A','This is the one!',100,100,100,100,100,100,NULL,100,100,100,100,100,100,100,'2018-09-13 20:09:01','2018-09-13 20:09:01'),('õ§j\\ïÆ|)5\n-A¢:˘','†∂\0pµìl¢\ ¿Ö®A','Toxic Gamer',100,100,100,100,100,100,NULL,100,100,100,100,100,100,100,'2018-09-09 13:14:10','2018-09-09 21:22:53'),('úæW°\„ˇêc\ÔS\ƒ\– $','†∂\0pµìl¢\ ¿Ö®A','Mercury',100,100,100,100,100,100,NULL,100,100,100,100,100,100,100,'2018-09-09 13:07:28','2018-09-09 21:20:18'),('°ˇ¶Ù≥–≠lÙü¸\Í¸¢4','†∂\0pµìl¢\ ¿Ö®A','Pitcher 5000',100,100,100,100,100,100,NULL,100,100,100,100,100,100,100,'2018-09-09 13:11:21','2018-09-09 21:30:58'),('™º#b\„≠RNMµ_\·Ûq\«','†∂\0pµìl¢\ ¿Ö®A','Melionias',150,75,100,100,100,100,NULL,100,100,100,100,100,100,100,'2018-09-10 23:33:48','2018-09-11 16:14:50'),('µ?/˛\ÏÚàPA¡Nö=?`','†∂\0pµìl¢\ ¿Ö®A','Dsafds',100,100,100,100,100,100,NULL,100,100,100,100,100,100,100,'2018-09-10 23:29:04','2018-09-10 23:29:04'),('‹π¶À•\∆\ŸÒ!Õ§q∂ß#w','†∂\0pµìl¢\ ¿Ö®A','Home Star Runner',100,100,100,100,100,100,NULL,100,100,100,100,100,100,100,'2018-09-09 13:05:39','2018-09-09 21:23:55'),('\‡0•\ÔÚ6\›f&èß°','†∂\0pµìl¢\ ¿Ö®A','Hustler',100,100,100,100,100,100,NULL,100,100,100,100,100,100,100,'2018-09-09 13:15:22','2018-09-09 21:06:53'),('\‚X\‰rùMÃìu∞°\ﬁr°…§','†∂\0pµìl¢\ ¿Ö®A','Zack',100,100,100,100,100,100,NULL,100,100,100,100,100,100,100,'2018-09-09 13:17:11','2018-09-09 21:04:07'),('˙ß\ÍS\Œ)Cf¶ãïZ∏˚','†∂\0pµìl¢\ ¿Ö®A','Hype',100,100,100,100,100,100,NULL,100,100,100,100,100,100,100,'2018-09-09 13:08:16','2018-09-09 13:08:16');
/*!40000 ALTER TABLE `formulas` ENABLE KEYS */;
UNLOCK TABLES;

--
-- Table structure for table `players`
--

DROP TABLE IF EXISTS `players`;
/*!40101 SET @saved_cs_client     = @@character_set_client */;
/*!40101 SET character_set_client = utf8 */;
CREATE TABLE `players` (
  `id` binary(16) NOT NULL,
  `teamId` binary(16) NOT NULL,
  `firstName` varchar(45) DEFAULT NULL,
  `lastName` varchar(45) DEFAULT NULL,
  `teamNumber` varchar(45) DEFAULT NULL,
  `birthday` datetime DEFAULT NULL,
  `position` varchar(15) DEFAULT NULL,
  `throwingArm` varchar(5) DEFAULT NULL,
  `battingArm` varchar(5) DEFAULT NULL,
  `phoneNumber` varchar(15) DEFAULT NULL,
  `email` varchar(255) DEFAULT NULL,
  `parentFirstName` varchar(45) DEFAULT NULL,
  `parentLastName` varchar(45) DEFAULT NULL,
  `createdAt` datetime DEFAULT NULL,
  `updatedAt` datetime DEFAULT NULL,
  PRIMARY KEY (`id`),
  KEY `fk_players_teams1` (`teamId`),
  CONSTRAINT `fk_players_teams1` FOREIGN KEY (`teamId`) REFERENCES `teams` (`id`) ON DELETE CASCADE ON UPDATE CASCADE
) ENGINE=InnoDB DEFAULT CHARSET=utf8;
/*!40101 SET character_set_client = @saved_cs_client */;

--
-- Dumping data for table `players`
--

LOCK TABLES `players` WRITE;
/*!40000 ALTER TABLE `players` DISABLE KEYS */;
INSERT INTO `players` VALUES ('\œeî5¿\ÊÚATªM','Ò\n∆≠i\”7`U&o∫K','asdad','Aasdsa','12','2018-06-10 00:00:00','c','l','l',NULL,'dsaf@dasd',NULL,NULL,'2018-09-10 23:16:07','2018-09-10 23:16:07'),('Éè\ƒ\\Fß3\„%\”tá','Ò\n∆≠i\”7`U&o∫K','ASd','Fdf','22',NULL,'c','l','a',NULL,'asd@SDA',NULL,NULL,'2018-09-10 23:14:28','2018-09-10 23:14:28'),('äñ\ÊYÛ7f\‹R\Í{hAˇ','Ò\n∆≠i\”7`U&o∫K','Jospeh','Cmael',NULL,NULL,'c','l','a',NULL,'dsaf@dasa',NULL,NULL,'2018-09-13 13:20:29','2018-09-13 13:20:29'),('/T\0Ç\·hV_÷∑)≠\‘\Áõ','Ò\n∆≠i\”7`U&o∫K','Harvey','Chui','2015-12-05T08:00:00.000Z','2015-12-05 00:00:00','2b','a','r',NULL,'dsafda',NULL,NULL,'2018-09-08 20:10:37','2018-09-08 20:10:37'),('4\ÏOêìs£uç\»¿ê†','Ò\n∆≠i\”7`U&o∫K','Hsdfasd','Rwqr','2018-09-06T07:00:00.000Z','2018-09-06 00:00:00','3b','l','a','wqerqew','erqw','4213','Qrwq','2018-09-08 18:07:57','2018-09-08 18:07:57'),('@(\Ëák7\ÿÛa3N\÷uz','Ò\n∆≠i\”7`U&o∫K','Hsdfasd','Rwqr','2018-09-06T07:00:00.000Z','2018-09-06 00:00:00','3b','l','a','wqerqew','erqw','4213','Qrwq','2018-09-08 18:07:30','2018-09-08 18:07:30'),('NÅO\Õ]kqn3UéVæa','Ò\n∆≠i\”7`U&o∫K','Donald','Duck','2014-12-10T08:00:00.000Z','2014-12-10 00:00:00','1b','a','l','asdfasdf','afasdf@','Afdsaf','Fadsfa','2018-09-08 18:12:40','2018-09-10 00:24:00'),('Q Dùîx]≈üSN3\Õ\Á','ˇ\Z\ÿTÀ°°\“;X˙1¿ßÜ','Wrewe','Nvbnbvn','2007-07-10T07:00:00.000Z','2007-07-10 00:00:00','3b','a','l','213','dasf','Er','Fdsa','2018-09-09 13:59:33','2018-09-09 13:59:33'),('Q${¢\√4\Ó˛ALrÆx°\«','Ò\n∆≠i\”7`U&o∫K','Asdsdf','Eqrer','2018-09-09T07:00:00.000Z','2018-09-09 00:00:00','1b','a','l','213213','eqrqewr','Eqrw','Qwereqw','2018-09-09 14:06:46','2018-09-09 14:06:46'),('Tq].\Ãˇ\ÿn•\Ë\Ï˝\"u','Ò\n∆≠i\”7`U&o∫K','Xyal','Zacky',NULL,'2018-03-13 00:00:00','1b','a','r',NULL,'mell@mell.com','Ho','Ho','2018-09-13 13:30:05','2018-09-13 20:19:24'),('UÖu˙øÜ\Á»õ\⁄\0R^äö','Ò\n∆≠i\”7`U&o∫K','Hdasf','Dasfas','2016-07-05T07:00:00.000Z','2016-07-05 00:00:00','c','l','a','dasf','daf','Hdsf','Faf','2018-09-08 20:01:04','2018-09-08 20:01:04'),('hs\·ä¡g&?Éq\n)Osfs','Ò\n∆≠i\”7`U&o∫K','Henna','Bobby',NULL,NULL,'1b','l','a',NULL,'qwe@wqe','Qwe','Qwe','2018-09-13 13:18:04','2018-09-13 13:18:04'),('{≠\–?´P\ÎX‹±\◊\∆Ò*Ω4','Ò\n∆≠i\”7`U&o∫K','Fdafadsf','Fadsfdsaf','2018-05-08T07:00:00.000Z','2018-05-08 00:00:00','1b','l','a','affas','dsaf','Dfasd','Dasfads','2018-09-08 18:16:52','2018-09-08 18:16:52'),('|\Ë\ \∆\ŸX\'x$jª\Œ','Ò\n∆≠i\”7`U&o∫K','Hsdfasd','Rwqr','2018-09-06T07:00:00.000Z','2018-09-08 18:06:34','3b','l','a','wqerqew','erqw','4213','Qrwq','2018-09-08 18:06:33','2018-09-08 18:06:33'),('ó©\Õr¯ü4Uπá≥Ÿù','Ò\n∆≠i\”7`U&o∫K','Rwer','Dsfdsaf',NULL,NULL,'2b','l','a',NULL,'dsafdsaf',NULL,NULL,'2018-09-09 14:34:19','2018-09-09 14:34:19'),('òû≤3óÀì¢¡\Ïìã \œ\À','Ò\n∆≠i\”7`U&o∫K','Happy','Carl','21','2011-09-13 00:00:00','c','a','l',NULL,'Moo@moo.com',NULL,NULL,'2018-09-13 12:57:10','2018-09-13 12:57:10'),('öE:H\Ôzn“£∂\ﬂ=','Ò\n∆≠i\”7`U&o∫K','Asfdsa','Dsafadf',NULL,NULL,'1b','l','a',NULL,'dsafsdaf',NULL,NULL,'2018-09-08 20:03:33','2018-09-08 20:03:33'),('°\Ê˚îﬁåYº\‰4\ÔıÚT˝x','Ò\n∆≠i\”7`U&o∫K','Fdas','Bdfdsaf','32',NULL,'2b','l','a',NULL,'fads@dfasf.com',NULL,NULL,'2018-09-13 13:02:00','2018-09-13 13:02:00'),('¨	S¡}ı\„_\ƒ\»\»g\Ô\Ï','Ò\n∆≠i\”7`U&o∫K','Stanis','Dsafds',NULL,'1969-12-31 16:00:00','1b','a','l',NULL,'dsafsdaf@',NULL,NULL,'2018-09-08 20:12:46','2018-09-10 00:21:18'),('≥\0l™\‘1\œ*ÁÜà\⁄2\'D','ˇ\Z\ÿTÀ°°\“;X˙1¿ßÜ','WereWolf','Dsafdsa','2015-09-09T07:00:00.000Z','2015-09-09 00:00:00','2b','l','a',NULL,'dsafdsaf@',NULL,NULL,'2018-09-09 14:33:35','2018-09-10 00:18:26'),('∏˜¿øvô,eä\⁄<d\Î∂','ˇ\Z\ÿTÀ°°\“;X˙1¿ßÜ','Molly','Fern',NULL,'1969-12-31 16:00:00','1b','l','a',NULL,'Bobby@bobby.com','1','1','2018-09-13 17:47:16','2018-09-13 20:16:28'),('\»\'\‘»∑Nn◊ôu)äµ∞¨','Ò\n∆≠i\”7`U&o∫K','Daffy','Duck','2018-09-05T07:00:00.000Z','2018-09-05 00:00:00','c','l','l','adsfadf','dsfdasf@','Fasdf','Dsafdsf','2018-09-08 18:17:59','2018-09-10 00:22:38'),('\ \–$ ;zï˜\‡M*ıø`W','ˇ\Z\ÿTÀ°°\“;X˙1¿ßÜ','Hsd','Dsaf',NULL,'2018-09-10 00:00:00','c','a','a',NULL,'fsdg@dsfa.co','Trhgf','Bvcn','2018-09-13 20:07:49','2018-09-13 20:07:49'),('\œ˚+˛\Î ≤m\Ã\Ê(+ç\Ì','Ò\n∆≠i\”7`U&o∫K','Adf','Dsafdsa','2015-10-24T07:00:00.000Z','2015-10-24 00:00:00','c','l','l','23123','dasfdsad','Dsaf','Fdasf','2018-09-08 18:25:05','2018-09-08 18:25:05'),('\‰\„N\Œ\‡sç\‚¿d|e\Ã','\ÿyÖ\‘D\Œ\Èz˚\Ô2z\‰','Hsdfasd','Rwqr','2018-09-06T07:00:00.000Z','2018-09-06 00:00:00','3b','l','a','wqerqew','erqw','4213','Qrwq','2018-09-08 18:08:20','2018-09-08 18:08:20'),('È©∂U;\⁄¿l\‰Å]∫\Î#','Ò\n∆≠i\”7`U&o∫K','Kella','Moss','12',NULL,'2b','l','a',NULL,'sd@as.com',NULL,NULL,'2018-09-13 13:07:00','2018-09-13 13:07:00'),('Ò\Ìu\Õ\n∞3\‹ˇMt\Ëâ','Ò\n∆≠i\”7`U&o∫K','Sdf','Adedf','22',NULL,'1b','a','r',NULL,'dsafd@dfadsf',NULL,NULL,'2018-09-10 23:19:19','2018-09-10 23:19:19'),('ÙCfº\Ãu¥\\\‹.≠\œ\ﬁˆ+','Ò\n∆≠i\”7`U&o∫K','OtherMcRoy','Bobbery',NULL,'2016-07-11 00:00:00','p','a','l',NULL,'Happy@happy.com','Bossy','Boss','2018-09-13 13:22:36','2018-09-13 20:18:43'),('ˆl_\r˙\‚Ö\À\Z£É∑1/d$','Ò\n∆≠i\”7`U&o∫K','Hiya','Luck','21',NULL,'1b','l','a',NULL,'fads@dsaf.com',NULL,NULL,'2018-09-13 13:13:26','2018-09-13 13:13:26'),('˝˝ÿ¶ìz˚mä|\€Ñù™','Ò\n∆≠i\”7`U&o∫K','Verna','Burns',NULL,NULL,'c','a','l',NULL,'Asdas@sdas.com',NULL,NULL,'2018-09-13 13:15:40','2018-09-13 13:15:40');
/*!40000 ALTER TABLE `players` ENABLE KEYS */;
UNLOCK TABLES;

--
-- Table structure for table `teams`
--

DROP TABLE IF EXISTS `teams`;
/*!40101 SET @saved_cs_client     = @@character_set_client */;
/*!40101 SET character_set_client = utf8 */;
CREATE TABLE `teams` (
  `id` binary(16) NOT NULL,
  `userId` binary(16) DEFAULT NULL,
  `name` varchar(255) DEFAULT NULL,
  `street` varchar(255) DEFAULT NULL,
  `city` varchar(45) DEFAULT NULL,
  `state` varchar(45) DEFAULT NULL,
  `zip` varchar(12) DEFAULT NULL,
  `country` varchar(45) DEFAULT NULL,
  `createdAt` datetime DEFAULT NULL,
  `updatedAt` datetime DEFAULT NULL,
  PRIMARY KEY (`id`),
  KEY `fk_teams_users1_idx` (`userId`),
  CONSTRAINT `fk_teams_users1` FOREIGN KEY (`userId`) REFERENCES `users` (`id`) ON DELETE SET NULL ON UPDATE CASCADE
) ENGINE=InnoDB DEFAULT CHARSET=utf8;
/*!40101 SET character_set_client = @saved_cs_client */;

--
-- Dumping data for table `teams`
--

LOCK TABLES `teams` WRITE;
/*!40000 ALTER TABLE `teams` DISABLE KEYS */;
INSERT INTO `teams` VALUES ('\ÿyÖ\‘D\Œ\Èz˚\Ô2z\‰','†∂\0pµìl¢\ ¿Ö®A','Bobest',NULL,NULL,NULL,NULL,NULL,'2018-09-08 18:08:16','2018-09-08 18:08:16'),('Ò\n∆≠i\”7`U&o∫K','†∂\0pµìl¢\ ¿Ö®A','Miker','Ewqeqwe',NULL,NULL,NULL,NULL,'2018-09-08 18:02:04','2018-09-08 18:02:04'),('ˇ\Z\ÿTÀ°°\“;X˙1¿ßÜ','†∂\0pµìl¢\ ¿Ö®A','Whois',NULL,NULL,NULL,NULL,NULL,'2018-09-09 11:37:02','2018-09-09 11:37:02');
/*!40000 ALTER TABLE `teams` ENABLE KEYS */;
UNLOCK TABLES;

--
-- Table structure for table `tryoutCoaches`
--

DROP TABLE IF EXISTS `tryoutCoaches`;
/*!40101 SET @saved_cs_client     = @@character_set_client */;
/*!40101 SET character_set_client = utf8 */;
CREATE TABLE `tryoutCoaches` (
  `tryoutId` binary(16) NOT NULL,
  `userId` binary(16) NOT NULL,
  `primaryCoach` tinyint(1) DEFAULT NULL,
  `createdAt` datetime DEFAULT NULL,
  `updatedAt` datetime DEFAULT NULL,
  PRIMARY KEY (`tryoutId`,`userId`),
  KEY `fk_tryoutCoaches_tryouts1_idx` (`tryoutId`),
  KEY `fk_tryoutCoaches_users1_idx` (`userId`),
  CONSTRAINT `fk_tryoutCoaches_tryouts1` FOREIGN KEY (`tryoutId`) REFERENCES `tryouts` (`id`) ON DELETE CASCADE ON UPDATE CASCADE,
  CONSTRAINT `fk_tryoutCoaches_users1` FOREIGN KEY (`userId`) REFERENCES `users` (`id`) ON DELETE CASCADE ON UPDATE CASCADE
) ENGINE=InnoDB DEFAULT CHARSET=utf8;
/*!40101 SET character_set_client = @saved_cs_client */;

--
-- Dumping data for table `tryoutCoaches`
--

LOCK TABLES `tryoutCoaches` WRITE;
/*!40000 ALTER TABLE `tryoutCoaches` DISABLE KEYS */;
INSERT INTO `tryoutCoaches` VALUES ('ÕÇµÅ%µBv(≥{\"\È≠2','.ïî†;P\·Ä¡ì°\ËÙ=',0,'2018-09-13 16:15:14','2018-09-13 16:15:14'),('ÕÇµÅ%µBv(≥{\"\È≠2','DsÖVL≠\ÔxC^s\Ï^',0,'2018-09-13 17:35:53','2018-09-13 17:35:53'),('ÕÇµÅ%µBv(≥{\"\È≠2','ú|˜mJ_\ﬂs\Ó{—õ\›Rû\“',0,'2018-09-13 16:50:22','2018-09-13 16:50:22'),('ÕÇµÅ%µBv(≥{\"\È≠2','†∂\0pµìl¢\ ¿Ö®A',1,'2018-09-11 16:14:06','2018-09-11 16:14:06'),('ÕÇµÅ%µBv(≥{\"\È≠2','\≈rÆ∏Tê\œÆW\Í\r€ûØ',0,'2018-09-13 16:53:07','2018-09-13 16:53:07'),('ÕÇµÅ%µBv(≥{\"\È≠2','\‹%p#\ÿHey≠_≤t\ns',0,'2018-09-13 16:50:04','2018-09-13 16:50:04'),('Gg¸\ﬁ\Ê\≈X5â/\€\ \¬','†∂\0pµìl¢\ ¿Ö®A',1,'2018-09-11 01:27:20','2018-09-11 01:27:20'),('Mü´\∆\0íDº£vUçW\ÿT','õ\…s˝–ë\Í\‹Aé¿a¢V\Ë',0,'2018-09-13 14:05:56','2018-09-13 14:05:56'),('M\Ó7\„õ\„{{Q©ô+l◊îm','†∂\0pµìl¢\ ¿Ö®A',1,'2018-09-11 01:11:37','2018-09-11 01:11:37'),('XùSk∂\\)\‡sö\–wY\Ï\‹\Õ','†∂\0pµìl¢\ ¿Ö®A',1,'2018-09-11 01:14:26','2018-09-11 01:14:26'),('r\'¨±Õá\‚!\':}ní\Ë\Â','õ\…s˝–ë\Í\‹Aé¿a¢V\Ë',0,'2018-09-13 14:16:51','2018-09-13 14:16:51'),('âK	K¶&\Á\‡xåZ¥K3','†∂\0pµìl¢\ ¿Ö®A',1,'2018-09-13 18:23:03','2018-09-13 18:23:03'),('¢*/kˇ^5\0y˚HÅ','†∂\0pµìl¢\ ¿Ö®A',1,'2018-09-13 19:33:54','2018-09-13 19:33:54'),('\€\’T\Ô•µ\∆6m\›pjN˘	','†∂\0pµìl¢\ ¿Ö®A',1,'2018-09-11 01:18:16','2018-09-11 01:18:16'),('ÁπáZ∫[ºñr—£\‰\Ó\…','õ\…s˝–ë\Í\‹Aé¿a¢V\Ë',0,'2018-09-11 01:08:20','2018-09-11 01:08:20'),('ÁπáZ∫[ºñr—£\‰\Ó\…','†∂\0pµìl¢\ ¿Ö®A',1,'2018-09-11 01:08:20','2018-09-11 01:08:20'),('\ÏøÚ1Mv\Â_∏t5ˇ\ƒy˝R','†∂\0pµìl¢\ ¿Ö®A',1,'2018-09-11 01:31:31','2018-09-11 01:31:31');
/*!40000 ALTER TABLE `tryoutCoaches` ENABLE KEYS */;
UNLOCK TABLES;

--
-- Table structure for table `tryouts`
--

DROP TABLE IF EXISTS `tryouts`;
/*!40101 SET @saved_cs_client     = @@character_set_client */;
/*!40101 SET character_set_client = utf8 */;
CREATE TABLE `tryouts` (
  `id` binary(16) NOT NULL,
  `teamId` binary(16) NOT NULL,
  `userId` binary(16) DEFAULT NULL,
  `formulaId` binary(16) DEFAULT NULL,
  `name` varchar(45) DEFAULT NULL,
  `street` varchar(255) DEFAULT NULL,
  `city` varchar(45) DEFAULT NULL,
  `state` varchar(45) DEFAULT NULL,
  `zip` varchar(12) DEFAULT NULL,
  `country` varchar(45) DEFAULT NULL,
  `date` datetime DEFAULT NULL,
  `started` varchar(45) DEFAULT NULL,
  `createdAt` datetime DEFAULT NULL,
  `updatedAt` datetime DEFAULT NULL,
  `numberPlayers` smallint(6) DEFAULT NULL,
  `numberCoaches` tinyint(4) DEFAULT NULL,
  PRIMARY KEY (`id`),
  KEY `fk_tryouts_teams1_idx` (`teamId`),
  KEY `fk_tryouts_formulas1_idx` (`formulaId`),
  KEY `fk_tryouts_users1_idx` (`userId`),
  CONSTRAINT `fk_tryouts_formulas1` FOREIGN KEY (`formulaId`) REFERENCES `formulas` (`id`) ON DELETE SET NULL ON UPDATE CASCADE,
  CONSTRAINT `fk_tryouts_teams1` FOREIGN KEY (`teamId`) REFERENCES `teams` (`id`) ON DELETE CASCADE ON UPDATE CASCADE,
  CONSTRAINT `fk_tryouts_users1` FOREIGN KEY (`userId`) REFERENCES `users` (`id`) ON DELETE SET NULL ON UPDATE CASCADE
) ENGINE=InnoDB DEFAULT CHARSET=utf8;
/*!40101 SET character_set_client = @saved_cs_client */;

--
-- Dumping data for table `tryouts`
--

LOCK TABLES `tryouts` WRITE;
/*!40000 ALTER TABLE `tryouts` DISABLE KEYS */;
INSERT INTO `tryouts` VALUES ('ÕÇµÅ%µBv(≥{\"\È≠2','ˇ\Z\ÿTÀ°°\“;X˙1¿ßÜ','†∂\0pµìl¢\ ¿Ö®A','‹π¶À•\∆\ŸÒ!Õ§q∂ß#w','Whois','11213 Pure Heart 12','Waha','AK','91231',NULL,'2018-10-11 16:13:53','0','2018-09-11 16:14:06','2018-09-13 00:57:06',3,5),('?É5O£W.b\›V$4¨\\˝v','Ò\n∆≠i\”7`U&o∫K','†∂\0pµìl¢\ ¿Ö®A','‹π¶À•\∆\ŸÒ!Õ§q∂ß#w','Miker','412314ew','Erwqr','AS','4132',NULL,'2018-06-10 00:19:53','0','2018-09-11 00:49:28','2018-09-11 00:49:28',16,0),('Fe\Í˚w]\⁄\Õ¿Àß\‡è(','Ò\n∆≠i\”7`U&o∫K','†∂\0pµìl¢\ ¿Ö®A','‹π¶À•\∆\ŸÒ!Õ§q∂ß#w','Miker','412314ew','Erwqr','AS','4132',NULL,'2018-11-11 00:19:53','0','2018-09-11 01:00:55','2018-09-11 01:00:55',16,0),('Gg¸\ﬁ\Ê\≈X5â/\€\ \¬','ˇ\Z\ÿTÀ°°\“;X˙1¿ßÜ','†∂\0pµìl¢\ ¿Ö®A',NULL,'Whois',NULL,NULL,NULL,NULL,NULL,'2018-08-14 01:27:13','0','2018-09-11 01:27:20','2018-09-11 01:27:20',2,0),('Mü´\∆\0íDº£vUçW\ÿT','Ò\n∆≠i\”7`U&o∫K','†∂\0pµìl¢\ ¿Ö®A',NULL,'Miker','123123 Bobby Street','AwesomeVille','AS','91231',NULL,'2018-12-13 01:32:49','0','2018-09-11 01:32:57','2018-09-13 11:15:48',0,0),('M\Ó7\„õ\„{{Q©ô+l◊îm','Ò\n∆≠i\”7`U&o∫K','†∂\0pµìl¢\ ¿Ö®A','‹π¶À•\∆\ŸÒ!Õ§q∂ß#w','Miker','41324 Street','321432 City','AS','142314',NULL,'2018-09-13 01:11:16','0','2018-09-11 01:11:37','2018-09-13 00:42:17',16,0),('XùSk∂\\)\‡sö\–wY\Ï\‹\Õ','Ò\n∆≠i\”7`U&o∫K','†∂\0pµìl¢\ ¿Ö®A',NULL,'Miker','Er','Ewqrew','AK','341243',NULL,'2018-05-14 01:14:08','0','2018-09-11 01:14:26','2018-09-11 01:14:26',16,0),('`•yc/*ö•í\‡¨U,\ ~','Ò\n∆≠i\”7`U&o∫K','†∂\0pµìl¢\ ¿Ö®A','‹π¶À•\∆\ŸÒ!Õ§q∂ß#w','Miker','412314ew','Erwqr','AS','4132',NULL,'2018-01-21 00:19:53','0','2018-09-11 00:56:32','2018-09-11 00:56:32',16,0),('r\'¨±Õá\‚!\':}ní\Ë\Â','Ò\n∆≠i\”7`U&o∫K','†∂\0pµìl¢\ ¿Ö®A',NULL,'Miker','Hella2412321321','Bosta2','CA','436434',NULL,'2018-12-11 01:21:51','0','2018-09-11 01:22:08','2018-09-13 01:01:52',7,0),('rä•|ï\€=VD \Ó¶]2è:','Ò\n∆≠i\”7`U&o∫K','†∂\0pµìl¢\ ¿Ö®A','‹π¶À•\∆\ŸÒ!Õ§q∂ß#w','Miker','412314ew','Erwqr','AS','4132',NULL,'2018-11-11 00:19:53','0','2018-09-11 00:59:17','2018-09-11 00:59:17',16,0),('âK	K¶&\Á\‡xåZ¥K3','Ò\n∆≠i\”7`U&o∫K','†∂\0pµìl¢\ ¿Ö®A',NULL,'Miker','12321','12321','AZ','54353',NULL,'2018-11-18 18:22:33','0','2018-09-13 18:23:03','2018-09-13 18:23:03',25,NULL),('¢*/kˇ^5\0y˚HÅ','Ò\n∆≠i\”7`U&o∫K','†∂\0pµìl¢\ ¿Ö®A','‹π¶À•\∆\ŸÒ!Õ§q∂ß#w','Miker','1232','1231','AZ','12312',NULL,'2018-09-16 19:33:08','0','2018-09-13 19:33:53','2018-09-13 19:33:53',4,NULL),('\€\’T\Ô•µ\∆6m\›pjN˘	','Ò\n∆≠i\”7`U&o∫K','†∂\0pµìl¢\ ¿Ö®A',NULL,'Miker','Fdsaf','Asf','CA','124324',NULL,'2017-01-11 01:17:56','0','2018-09-11 01:18:16','2018-09-11 01:18:16',16,0),('›íÙìÅ§I\‘-2\Á[+ù','Ò\n∆≠i\”7`U&o∫K','†∂\0pµìl¢\ ¿Ö®A',NULL,'Miker','12321','12321','AZ','54353',NULL,'2018-11-18 18:22:33','0','2018-09-13 18:23:00','2018-09-13 18:23:00',25,NULL),('ÁπáZ∫[ºñr—£\‰\Ó\…','Ò\n∆≠i\”7`U&o∫K','†∂\0pµìl¢\ ¿Ö®A','‹π¶À•\∆\ŸÒ!Õ§q∂ß#w','Miker','Eqwre','Erqr','AR','342134',NULL,'2018-03-11 01:07:51','0','2018-09-11 01:08:20','2018-09-11 01:08:20',16,1),('\ÏøÚ1Mv\Â_∏t5ˇ\ƒy˝R','Ò\n∆≠i\”7`U&o∫K','†∂\0pµìl¢\ ¿Ö®A',NULL,'Miker',NULL,NULL,NULL,NULL,NULL,'2018-09-12 01:31:24','0','2018-09-11 01:31:31','2018-09-11 01:31:31',16,0);
/*!40000 ALTER TABLE `tryouts` ENABLE KEYS */;
UNLOCK TABLES;

--
-- Table structure for table `userRelationship`
--

DROP TABLE IF EXISTS `userRelationship`;
/*!40101 SET @saved_cs_client     = @@character_set_client */;
/*!40101 SET character_set_client = utf8 */;
CREATE TABLE `userRelationship` (
  `userId1` binary(16) NOT NULL,
  `userId2` binary(16) NOT NULL,
  `createdAt` datetime DEFAULT NULL,
  `updatedAt` datetime DEFAULT NULL,
  PRIMARY KEY (`userId1`,`userId2`),
  KEY `fk_userRelationship_users1_idx` (`userId1`),
  KEY `fk_userRelationship_users2_idx` (`userId2`),
  CONSTRAINT `fk_userRelationship_users1` FOREIGN KEY (`userId1`) REFERENCES `users` (`id`) ON DELETE CASCADE ON UPDATE CASCADE,
  CONSTRAINT `fk_userRelationship_users2` FOREIGN KEY (`userId2`) REFERENCES `users` (`id`) ON DELETE CASCADE ON UPDATE CASCADE
) ENGINE=InnoDB DEFAULT CHARSET=utf8;
/*!40101 SET character_set_client = @saved_cs_client */;

--
-- Dumping data for table `userRelationship`
--

LOCK TABLES `userRelationship` WRITE;
/*!40000 ALTER TABLE `userRelationship` DISABLE KEYS */;
INSERT INTO `userRelationship` VALUES ('.ïî†;P\·Ä¡ì°\ËÙ=','†∂\0pµìl¢\ ¿Ö®A','2018-09-12 02:28:54','2018-09-12 02:28:54'),('=RIÜçRèaIdêÅa\Ÿ','†∂\0pµìl¢\ ¿Ö®A','2018-09-10 23:28:20','2018-09-10 23:28:20'),('DsÖVL≠\ÔxC^s\Ï^','†∂\0pµìl¢\ ¿Ö®A','2018-09-13 17:35:47','2018-09-13 17:35:47'),('N\·7»Ç\Áˇã/\⁄7w\«\√','†∂\0pµìl¢\ ¿Ö®A','2018-09-13 16:46:43','2018-09-13 16:46:43'),('`wâ˘,A≠>çoú´','†∂\0pµìl¢\ ¿Ö®A','2018-09-10 21:42:44','2018-09-10 21:42:44'),('qP\«\Ô≠w)kH1∞û','†∂\0pµìl¢\ ¿Ö®A','2018-09-10 23:26:03','2018-09-10 23:26:03'),('r\‹¯ê\ÎF\€O\÷]É∞<ë ','†∂\0pµìl¢\ ¿Ö®A','2018-09-12 02:38:07','2018-09-12 02:38:07'),('-Åukp\‹\«ˇ\ÌäT\ k¸','†∂\0pµìl¢\ ¿Ö®A','2018-09-12 02:34:59','2018-09-12 02:34:59'),('É|∑ÚÚ¡\ÈCNı\Ì≈í\È\Á\ ','†∂\0pµìl¢\ ¿Ö®A','2018-09-13 16:49:12','2018-09-13 16:49:12'),('ä\œV$u\'ç¶\\«Ö7\–d','†∂\0pµìl¢\ ¿Ö®A','2018-09-13 16:48:22','2018-09-13 16:48:22'),('êfVI≥¶{\\GX\…)¸jI','†∂\0pµìl¢\ ¿Ö®A','2018-09-11 16:12:17','2018-09-11 16:12:17'),('îô≠\‚¨B\≈H}4?ib(ô','†∂\0pµìl¢\ ¿Ö®A','2018-09-11 01:01:24','2018-09-11 01:01:24'),('óÒ\Ã˙\Á>ÿ∞∫Ä?OY','†∂\0pµìl¢\ ¿Ö®A','2018-09-10 23:24:28','2018-09-10 23:24:28'),('õ\…s˝–ë\Í\‹Aé¿a¢V\Ë','†∂\0pµìl¢\ ¿Ö®A','2018-09-10 21:12:42','2018-09-10 21:12:42'),('ú|˜mJ_\ﬂs\Ó{—õ\›Rû\“','†∂\0pµìl¢\ ¿Ö®A','2018-09-13 16:50:20','2018-09-13 16:50:20'),('úÅ\›\Á¡\‚\n˚\"Ü{Çà¢^','†∂\0pµìl¢\ ¿Ö®A','2018-09-10 23:19:49','2018-09-10 23:19:49'),('úò˙U≤çl˛s9\ﬁ\√r','†∂\0pµìl¢\ ¿Ö®A','2018-09-10 23:28:14','2018-09-10 23:28:14'),('†∂\0pµìl¢\ ¿Ö®A','.ïî†;P\·Ä¡ì°\ËÙ=','2018-09-12 02:28:54','2018-09-12 02:28:54'),('†∂\0pµìl¢\ ¿Ö®A','=RIÜçRèaIdêÅa\Ÿ','2018-09-10 23:28:20','2018-09-10 23:28:20'),('†∂\0pµìl¢\ ¿Ö®A','DsÖVL≠\ÔxC^s\Ï^','2018-09-13 17:35:47','2018-09-13 17:35:47'),('†∂\0pµìl¢\ ¿Ö®A','N\·7»Ç\Áˇã/\⁄7w\«\√','2018-09-13 16:46:43','2018-09-13 16:46:43'),('†∂\0pµìl¢\ ¿Ö®A','`wâ˘,A≠>çoú´','2018-09-10 21:42:44','2018-09-10 21:42:44'),('†∂\0pµìl¢\ ¿Ö®A','qP\«\Ô≠w)kH1∞û','2018-09-10 23:26:03','2018-09-10 23:26:03'),('†∂\0pµìl¢\ ¿Ö®A','r\‹¯ê\ÎF\€O\÷]É∞<ë ','2018-09-12 02:38:07','2018-09-12 02:38:07'),('†∂\0pµìl¢\ ¿Ö®A','-Åukp\‹\«ˇ\ÌäT\ k¸','2018-09-12 02:34:59','2018-09-12 02:34:59'),('†∂\0pµìl¢\ ¿Ö®A','É|∑ÚÚ¡\ÈCNı\Ì≈í\È\Á\ ','2018-09-13 16:49:12','2018-09-13 16:49:12'),('†∂\0pµìl¢\ ¿Ö®A','ä\œV$u\'ç¶\\«Ö7\–d','2018-09-13 16:48:22','2018-09-13 16:48:22'),('†∂\0pµìl¢\ ¿Ö®A','êfVI≥¶{\\GX\…)¸jI','2018-09-11 16:12:17','2018-09-11 16:12:17'),('†∂\0pµìl¢\ ¿Ö®A','îô≠\‚¨B\≈H}4?ib(ô','2018-09-11 01:01:24','2018-09-11 01:01:24'),('†∂\0pµìl¢\ ¿Ö®A','óÒ\Ã˙\Á>ÿ∞∫Ä?OY','2018-09-10 23:24:28','2018-09-10 23:24:28'),('†∂\0pµìl¢\ ¿Ö®A','õ\…s˝–ë\Í\‹Aé¿a¢V\Ë','2018-09-10 21:12:42','2018-09-10 21:12:42'),('†∂\0pµìl¢\ ¿Ö®A','ú|˜mJ_\ﬂs\Ó{—õ\›Rû\“','2018-09-13 16:50:20','2018-09-13 16:50:20'),('†∂\0pµìl¢\ ¿Ö®A','úÅ\›\Á¡\‚\n˚\"Ü{Çà¢^','2018-09-10 23:19:49','2018-09-10 23:19:49'),('†∂\0pµìl¢\ ¿Ö®A','úò˙U≤çl˛s9\ﬁ\√r','2018-09-10 23:28:14','2018-09-10 23:28:14'),('†∂\0pµìl¢\ ¿Ö®A','†∂\0pµìl¢\ ¿Ö®A','2018-09-13 14:03:16','2018-09-13 14:03:16'),('†∂\0pµìl¢\ ¿Ö®A','™Oπº\¬e≤!s≥x\Ã[¸ù','2018-09-12 02:40:54','2018-09-12 02:40:54'),('†∂\0pµìl¢\ ¿Ö®A','\≈rÆ∏Tê\œÆW\Í\r€ûØ','2018-09-13 16:53:06','2018-09-13 16:53:06'),('†∂\0pµìl¢\ ¿Ö®A','\‘\ﬁˇâ\Ï¡9Vï\Ÿ\ÿu\„äB','2018-09-12 02:32:12','2018-09-12 02:32:12'),('†∂\0pµìl¢\ ¿Ö®A','\‹%p#\ÿHey≠_≤t\ns','2018-09-13 16:50:02','2018-09-13 16:50:02'),('™Oπº\¬e≤!s≥x\Ã[¸ù','†∂\0pµìl¢\ ¿Ö®A','2018-09-12 02:40:54','2018-09-12 02:40:54'),('\≈rÆ∏Tê\œÆW\Í\r€ûØ','†∂\0pµìl¢\ ¿Ö®A','2018-09-13 16:53:06','2018-09-13 16:53:06'),('\‘\ﬁˇâ\Ï¡9Vï\Ÿ\ÿu\„äB','†∂\0pµìl¢\ ¿Ö®A','2018-09-12 02:32:12','2018-09-12 02:32:12'),('\‹%p#\ÿHey≠_≤t\ns','†∂\0pµìl¢\ ¿Ö®A','2018-09-13 16:50:02','2018-09-13 16:50:02');
/*!40000 ALTER TABLE `userRelationship` ENABLE KEYS */;
UNLOCK TABLES;

--
-- Table structure for table `userTeams`
--

DROP TABLE IF EXISTS `userTeams`;
/*!40101 SET @saved_cs_client     = @@character_set_client */;
/*!40101 SET character_set_client = utf8 */;
CREATE TABLE `userTeams` (
  `userId` binary(16) NOT NULL,
  `teamId` binary(16) NOT NULL,
  `coachType` tinyint(4) DEFAULT NULL,
  `createdAt` datetime DEFAULT NULL,
  `updatedAt` datetime DEFAULT NULL,
  PRIMARY KEY (`userId`,`teamId`),
  KEY `fk_userTeams_users1_idx` (`userId`),
  KEY `fk_userTeams_teams1_idx` (`teamId`),
  CONSTRAINT `fk_userTeams_teams1` FOREIGN KEY (`teamId`) REFERENCES `teams` (`id`) ON DELETE CASCADE ON UPDATE CASCADE,
  CONSTRAINT `fk_userTeams_users1` FOREIGN KEY (`userId`) REFERENCES `users` (`id`) ON DELETE CASCADE ON UPDATE CASCADE
) ENGINE=InnoDB DEFAULT CHARSET=utf8;
/*!40101 SET character_set_client = @saved_cs_client */;

--
-- Dumping data for table `userTeams`
--

LOCK TABLES `userTeams` WRITE;
/*!40000 ALTER TABLE `userTeams` DISABLE KEYS */;
INSERT INTO `userTeams` VALUES ('†∂\0pµìl¢\ ¿Ö®A','\ÿyÖ\‘D\Œ\Èz˚\Ô2z\‰',101,'2018-09-08 18:08:16','2018-09-08 18:08:16'),('†∂\0pµìl¢\ ¿Ö®A','Ò\n∆≠i\”7`U&o∫K',101,'2018-09-08 18:02:04','2018-09-08 18:02:04'),('†∂\0pµìl¢\ ¿Ö®A','ˇ\Z\ÿTÀ°°\“;X˙1¿ßÜ',101,'2018-09-09 11:37:02','2018-09-09 11:37:02');
/*!40000 ALTER TABLE `userTeams` ENABLE KEYS */;
UNLOCK TABLES;

--
-- Table structure for table `users`
--

DROP TABLE IF EXISTS `users`;
/*!40101 SET @saved_cs_client     = @@character_set_client */;
/*!40101 SET character_set_client = utf8 */;
CREATE TABLE `users` (
  `id` binary(16) NOT NULL,
  `email` varchar(255) DEFAULT NULL,
  `newEmail` varchar(255) DEFAULT NULL,
  `password` varchar(255) DEFAULT NULL,
  `birthday` date DEFAULT NULL,
  `gender` date DEFAULT NULL,
  `firstName` varchar(45) DEFAULT NULL,
  `lastName` varchar(45) DEFAULT NULL,
  `city` varchar(45) DEFAULT NULL,
  `state` varchar(45) DEFAULT NULL,
  `zip` varchar(10) DEFAULT NULL,
  `phoneNumber` varchar(15) DEFAULT NULL,
  `verified` tinyint(4) DEFAULT NULL,
  `createdAt` datetime DEFAULT NULL,
  `updatedAt` datetime DEFAULT NULL,
  PRIMARY KEY (`id`),
  UNIQUE KEY `UNIQUE_INDEX` (`email`)
) ENGINE=InnoDB DEFAULT CHARSET=utf8;
/*!40101 SET character_set_client = @saved_cs_client */;

--
-- Dumping data for table `users`
--

LOCK TABLES `users` WRITE;
/*!40000 ALTER TABLE `users` DISABLE KEYS */;
INSERT INTO `users` VALUES ('.ïî†;P\·Ä¡ì°\ËÙ=','Bob@bob.com',NULL,'$2a$10$xU/7NdupjMmanfsJtkQe6uJ0pNA9Cprk98FqdjCx02lOv9SmpRNt2',NULL,NULL,NULL,NULL,NULL,NULL,NULL,NULL,-1,'2018-09-12 02:28:54','2018-09-12 02:28:54'),('=RIÜçRèaIdêÅa\Ÿ','cxc@sd',NULL,'$2a$10$GNt0EW7jHHWNMqiq9ihGe.o8NLSQ7QCTgFddd893axAL3ntQb/d1a',NULL,NULL,NULL,NULL,NULL,NULL,NULL,NULL,-1,'2018-09-10 23:28:20','2018-09-10 23:28:20'),('DsÖVL≠\ÔxC^s\Ï^','Mell@meller.com',NULL,'$2a$10$xk.QnnfwXfNg9nhXT3IYPOKrpSbVlKmMEYh0uGLdOzFGIXxkfpCIq',NULL,NULL,NULL,NULL,NULL,NULL,NULL,NULL,-1,'2018-09-13 17:35:47','2018-09-13 17:35:47'),('N\·7»Ç\Áˇã/\⁄7w\«\√','Marvin@gmail.com',NULL,'$2a$10$V4cI6I4mtwAnvsRBBnXpfegevmSvCgmsrx89G.mgEbnLTyOx2sg9u',NULL,NULL,NULL,NULL,NULL,NULL,NULL,NULL,-1,'2018-09-13 16:46:43','2018-09-13 16:46:43'),('`wâ˘,A≠>çoú´','Aww@aww.com',NULL,'$2a$10$vBX6u5t0IRvL/4QPPWv6g.1HmdIyzJEEHTEXQVWRRiLe64Ua7P2Dy',NULL,NULL,NULL,NULL,NULL,NULL,NULL,NULL,-1,'2018-09-10 21:42:44','2018-09-10 21:42:44'),('qP\«\Ô≠w)kH1∞û','fasdf@',NULL,'$2a$10$9C6.xqibjqlk4nqiDYLjqu2A1mGNRypZt3Hv6HCxkUsIs.8q5RD6q',NULL,NULL,NULL,NULL,NULL,NULL,NULL,NULL,-1,'2018-09-10 23:26:03','2018-09-10 23:26:03'),('r\‹¯ê\ÎF\€O\÷]É∞<ë ','mans@',NULL,'$2a$10$16Ep3esZRKHahF2vVChi2OOqYIMzu9YLaDh9HX.BzwNanF2et3tcS',NULL,NULL,NULL,NULL,NULL,NULL,NULL,NULL,-1,'2018-09-12 02:38:07','2018-09-12 02:38:07'),('-Åukp\‹\«ˇ\ÌäT\ k¸','asakj@ajs',NULL,'$2a$10$cKvYmEPSOL4Gby/EWFPAF.UiuXzo.yLx92Q5nrKBVpsHc2SBnxQEq',NULL,NULL,NULL,NULL,NULL,NULL,NULL,NULL,-1,'2018-09-12 02:34:59','2018-09-12 02:34:59'),('É|∑ÚÚ¡\ÈCNı\Ì≈í\È\Á\ ','TomSimson@sim.com',NULL,'$2a$10$w60dbU3.ywVGocYNnUeNzeRl6H.vjAasU77EWJ083XdU5KdfKVFLW',NULL,NULL,NULL,NULL,NULL,NULL,NULL,NULL,-1,'2018-09-13 16:49:12','2018-09-13 16:49:12'),('ä\œV$u\'ç¶\\«Ö7\–d','Hooty@hooter.com',NULL,'$2a$10$c97gAcwrxc0DhgjiRp5oleFPTQauOGOH23Hs8UG3NHZO.i74pK9AK',NULL,NULL,NULL,NULL,NULL,NULL,NULL,NULL,-1,'2018-09-13 16:48:22','2018-09-13 16:48:22'),('êfVI≥¶{\\GX\…)¸jI','sdafeqrweq@eqllxvp.com',NULL,'$2a$10$Yhww9.H5v/GDrpoKyEY.UOeaTAYAOpcsr42AZ9KVMT4kZVfRjhYe.',NULL,NULL,NULL,NULL,NULL,NULL,NULL,NULL,-1,'2018-09-11 16:12:17','2018-09-11 16:12:17'),('îô≠\‚¨B\≈H}4?ib(ô','fdasfs@safdfe',NULL,'$2a$10$9mZ9xIp4Txm0ULy5Z.lFRObOT2Hp57dtHG/f4TSnPg4VPttRCy5C.',NULL,NULL,NULL,NULL,NULL,NULL,NULL,NULL,-1,'2018-09-11 01:01:24','2018-09-11 01:01:24'),('óÒ\Ã˙\Á>ÿ∞∫Ä?OY','saf@afs',NULL,'$2a$10$A9/LAM8J/Tp.0HS3MiruZerHrfHoJx5.bxgHpQaruSsr0T9uMEgbe',NULL,NULL,NULL,NULL,NULL,NULL,NULL,NULL,-1,'2018-09-10 23:24:28','2018-09-10 23:24:28'),('õ\…s˝–ë\Í\‹Aé¿a¢V\Ë','Mell@mell.com',NULL,'$2a$10$T.RJHrGmAiwfCti963aXjekKySaIyY3kDlPftDvPWXPLEDYwCox5K',NULL,NULL,NULL,NULL,NULL,NULL,NULL,NULL,-1,'2018-09-10 20:40:51','2018-09-10 20:40:51'),('ú|˜mJ_\ﬂs\Ó{—õ\›Rû\“','Heka@heka.com',NULL,'$2a$10$lD/cVz7d3CaKeKco5UbLyuL5Rgg24.x0BDbZG6LmO4iSv1IbqXjji',NULL,NULL,NULL,NULL,NULL,NULL,NULL,NULL,-1,'2018-09-13 16:50:20','2018-09-13 16:50:20'),('úÅ\›\Á¡\‚\n˚\"Ü{Çà¢^','saf@af',NULL,'$2a$10$N0GT96n3N9yrtmGLroQ5SOn4.I2HYKkW9TfZEmrnWdeA8G8lRPXB2',NULL,NULL,NULL,NULL,NULL,NULL,NULL,NULL,-1,'2018-09-10 23:19:49','2018-09-10 23:19:49'),('úò˙U≤çl˛s9\ﬁ\√r','dasf@as',NULL,'$2a$10$6rliAnJHt42uO.5awDmniOK0dsRzU8UgXnL7nnNopG29XdNyHRua6',NULL,NULL,NULL,NULL,NULL,NULL,NULL,NULL,-1,'2018-09-10 23:28:14','2018-09-10 23:28:14'),('†∂\0pµìl¢\ ¿Ö®A','moo@moo.com',NULL,'$2a$10$GlIorKmBEctCmbczv7dkZuRepqTiDhfS5lZFoiGlFsR2aafQ.0a/y',NULL,NULL,NULL,NULL,NULL,NULL,NULL,NULL,0,'2018-09-08 18:01:20','2018-09-08 18:01:20'),('™Oπº\¬e≤!s≥x\Ã[¸ù','a@a.com',NULL,'$2a$10$i/j/6IQXmoz9xbJFpzTAb.F6MWvbvtGcVsDpV2rDFHWQUhdxQlTcC',NULL,NULL,NULL,NULL,NULL,NULL,NULL,NULL,-1,'2018-09-12 02:40:54','2018-09-12 02:40:54'),('\≈rÆ∏Tê\œÆW\Í\r€ûØ','Hooster@mzms.com',NULL,'$2a$10$aTT8ECO6MwL1ieCbMHaC5egiFTsSv1ol.N/vPcBF1/txvSkWU0uum',NULL,NULL,NULL,NULL,NULL,NULL,NULL,NULL,-1,'2018-09-13 16:53:06','2018-09-13 16:53:06'),('\‘\ﬁˇâ\Ï¡9Vï\Ÿ\ÿu\„äB','Arar@asd',NULL,'$2a$10$8wCtNho7JaOBiW18al7tC.JlF0SCdX/imWnB9LVVszGkX3PO4Otxa',NULL,NULL,NULL,NULL,NULL,NULL,NULL,NULL,-1,'2018-09-12 02:32:12','2018-09-12 02:32:12'),('\‹%p#\ÿHey≠_≤t\ns','Birdo@birdo.com',NULL,'$2a$10$boPq9fc7twBt65BfrjxbHeWig6N3X94BvSCDyYwhjJmsqH.vRuz8.',NULL,NULL,NULL,NULL,NULL,NULL,NULL,NULL,-1,'2018-09-13 16:50:02','2018-09-13 16:50:02');
/*!40000 ALTER TABLE `users` ENABLE KEYS */;
UNLOCK TABLES;
/*!40103 SET TIME_ZONE=@OLD_TIME_ZONE */;

/*!40101 SET SQL_MODE=@OLD_SQL_MODE */;
/*!40014 SET FOREIGN_KEY_CHECKS=@OLD_FOREIGN_KEY_CHECKS */;
/*!40014 SET UNIQUE_CHECKS=@OLD_UNIQUE_CHECKS */;
/*!40101 SET CHARACTER_SET_CLIENT=@OLD_CHARACTER_SET_CLIENT */;
/*!40101 SET CHARACTER_SET_RESULTS=@OLD_CHARACTER_SET_RESULTS */;
/*!40101 SET COLLATION_CONNECTION=@OLD_COLLATION_CONNECTION */;
/*!40111 SET SQL_NOTES=@OLD_SQL_NOTES */;

-- Dump completed on 2018-09-13 20:36:06
